RazaoSocial;UF;RegistroANS;Modalidade;Total_Despesas;Media_Trimestral;Desvio_Padrao
BRADESCO SAÚDE S.A.;RJ;005711;Seguradora Especializada em Saúde;24397240988.00;8132413662.67;13864794103.96
CENTRO TRASMONTANO DE SAO PAULO;SP;303623;Medicina de Grupo;2557370268.00;852456756.00;455465258.68
HAPVIDA ASSISTENCIA MEDICA S.A.;CE;368253;Medicina de Grupo;1863529894.00;621176631.33;477372825.25
FUNDAÇÃO SAÚDE ITAÚ;MG;312126;Autogestão;1635048659.00;545016219.67;554433817.22
PREVENT SENIOR PRIVATE OPERADORA DE SAÚDE LTDA;SP;302147;Medicina de Grupo;1091806400.00;363935466.67;497613755.59
FUNDAÇÃO CESP;SP;315478;Autogestão;1087650674.00;362550224.67;619852236.17
FUNDAÇÃO ASSISTENCIAL DOS SERVIDORES DO MINISTÉRIO DA FAZENDA;DF;346926;Autogestão;1058195548.00;352731849.33;469611958.18
NOTRE DAME INTERMÉDICA SAÚDE S.A.;SP;359017;Medicina de Grupo;1004364064.00;334788021.33;211129237.40
UNIMED BELO HORIZONTE COOPERATIVA DE TRABALHO MÉDICO;MG;343889;Cooperativa Médica;642451667.00;214150555.67;234298753.99
UNIMED NACIONAL - COOPERATIVA CENTRAL;SP;339679;Cooperativa Médica;553948660.00;184649553.33;175128511.49
OMINT SERVIÇOS DE SAÚDE S.A.;SP;359661;Medicina de Grupo;466369005.00;155456335.00;140445911.74
UNIMED DE JOINVILLE COOPERATIVA DE TRABALHO MÉDICO;SC;321273;Cooperativa Médica;400262501.00;133420833.67;219489556.96
UNIMED LITORAL COOPERATIVA DE TRABALHO MÉDICO LTDA;SC;303356;Cooperativa Médica;320527019.00;106842339.67;85665551.27
UNIMED DE RIBEIRAO PRETO - COOPERATIVA DE TRABALHO MÉDICO;SP;351202;Cooperativa Médica;289703029.00;96567676.33;119812732.81
AMIL ASSISTÊNCIA MÉDICA INTERNACIONAL S.A.;SP;326305;Medicina de Grupo;270809065.00;90269688.33;117196853.36
QUALLITY PRÓ SAÚDE PLANO DE ASSISTÊNCIA MÉDICA LTDA.;DF;418170;Medicina de Grupo;253102997.00;84367665.67;75082110.93
BENEFICENCIA SOCIAL BOM SAMARITANO;MG;421189;Filantropia;248128791.00;82709597.00;143149899.29
UNIMED NOVA FRIBURGO-SOC.COOP.SERV.MED.HOSP.LTDA.;RJ;335479;Cooperativa Médica;238406743.00;79468914.33;121875135.81
UNIMED DE FORTALEZA SOCIEDADE COOPERATIVA MÉDICA LTDA.;CE;317144;Cooperativa Médica;223718042.00;74572680.67;76692536.56
IRMANDADE DA SANTA CASA DE MISERICÓRDIA DE PIRACICABA;SP;354562;Filantropia;213843474.00;106921737.00;5095462.38
SANTA CASA DE MISERICÓRDIA DE JUIZ DE FORA;MG;342807;Filantropia;211335032.00;70445010.67;115191719.16
UNIMED - COOPERATIVA DE SERVIÇOS DE SAÚDE DOS VALES DO TAQUARI E RIO PARDO LTDA.;RS;306398;Cooperativa Médica;200405613.00;66801871.00;71143224.29
POSTAL SAÚDE CAIXA DE ASSISTÊNCIA E SAÚDE DOS EMPREGADOS DOS CORREIOS;DF;419133;Autogestão;191770406.00;63923468.67;98130895.58
ASSOCIACAO DOS AUDITORES FISCAIS DA RECEITA ESTADUAL DE SAO PAULO;SP;317632;Autogestão;182292339.00;60764113.00;91378312.96
METRUS INSTITUTO DE SEGURIDADE SOCIAL;SP;380661;Autogestão;180506001.00;60168667.00;102481879.97
UNIMED DE SANTOS COOP DE TRAB MEDICO;SP;355721;Cooperativa Médica;172204870.00;57401623.33;46733965.22
NOTRE DAME INTERMÉDICA MINAS GERAIS SAÚDE S.A.;CE;348520;Medicina de Grupo;165327691.00;55109230.33;90218923.59
UNIMED DE CAMPOS COOPERATIVA DE TRABALHO MÉDICO;RJ;352683;Cooperativa Médica;163439823.00;54479941.00;73523786.01
ODONTOPREV S/A;SP;301949;Odontologia de Grupo;158763342.00;52921114.00;90265408.93
PREVIDENT ASSISTÊNCIA ODONTOLÓGICA S.A;SP;374440;Odontologia de Grupo;155981359.00;51993786.33;89027446.78
INTEGRA ASSISTENCIA MEDICA SA;SP;423173;Medicina de Grupo;154912570.00;77456285.00;109232702.97
HUMANA SAÚDE LTDA.;PR;348180;Medicina de Grupo;150030632.00;50010210.67;78110335.45
SINDIFISCO NACIONAL - SINDICATO NACIONAL DOS AUDITORES-FISCAIS DA RECEITA FEDERAL DO BRASIL;DF;361011;Autogestão;148296464.00;49432154.67;80702601.37
AUSTACLINICAS ASSISTÊNCIA MÉDICA E HOSPITALAR LTDA;SP;327417;Medicina de Grupo;141718225.00;47239408.33;58406718.32
UNIMED VALE DO AÇO COOPERATIVA DE TRABALHO MÉDICO;MG;359289;Cooperativa Médica;136556173.00;68278086.50;94106398.45
UNIMED GOIANIA COOPERATIVA DE TRABALHO MÉDICO;GO;382876;Cooperativa Médica;131146031.00;43715343.67;34659176.68
UNIMED REGIONAL JAU - COOPERATIVA DE TRABALHO MÉDICO;SP;306762;Cooperativa Médica;127913504.00;42637834.67;73140729.43
CAIXA DE ASSISTÊNCIA DOS FUNCIONÁRIOS DO BANCO DO NORDESTE DO BRASIL;CE;385697;Autogestão;126879375.00;42293125.00;63188854.18
UNIMED SEGUROS SAÚDE S/A;SP;000701;Seguradora Especializada em Saúde;122387557.00;40795852.33;59137183.13
UNIMED DO CARIRI - SOCIEDADE COOPERATIVA MÉDICA LTDA;CE;356123;Cooperativa Médica;121174895.00;40391631.67;69490262.65
UNIMED DE ARARAQUARA - COOP. DE TRAB. MÉDICO;SP;364312;Cooperativa Médica;118387075.00;39462358.33;36600177.28
UNIMED PORTO ALEGRE - COOPERATIVA MÉDICA LTDA.;RS;352501;Cooperativa Médica;115408897.00;38469632.33;41483582.90
GRUPO HOSPITALAR DO RIO DE JANEIRO LTDA;RJ;309222;Medicina de Grupo;115311340.00;38437113.33;18282790.22
UNIMED SAO JOSE DOS CAMPOS - COOPERATIVA DE TRABALHO MEDICO;SP;331872;Cooperativa Médica;113832222.00;37944074.00;51606010.60
SANTA HELENA ASSISTÊNCIA MÉDICA S/A.;SP;355097;Medicina de Grupo;112365287.00;37455095.67;57684749.96
UNIMED DE MACAÉ COOPERATIVA DE ASSISTÊNCIA À SAÚDE;RJ;302953;Cooperativa Médica;110340458.00;36780152.67;42231145.49
ASSOCIAÇAO DOS FUNCIONARIOS PUBLICOS DO ESTADO DO RIO GRANDE DO SUL;RS;417599;Filantropia;108110102.00;36036700.67;59482965.93
UNIMED CAMPO GRANDE MS COOPERATIVA DE TRABALHO MÉDICO;MS;312851;Cooperativa Médica;107779086.00;35926362.00;43173838.56
IRMANDADE DA SANTA CASA DE MISERICÓRDIA DE PASSOS;MG;333875;Filantropia;103978673.00;34659557.67;58650643.76
UNIMED VALE DO SEPOTUBA - COOPERATIVA DE TRABALHO MÉDICO;MT;314099;Cooperativa Médica;103304520.00;34434840.00;51886465.46
UNIMED CAMPINAS - COOPERATIVA DE TRABALHO MÉDICO;SP;335690;Cooperativa Médica;100803087.00;33601029.00;8565713.62
SUL AMERICA COMPANHIA DE SEGURO SAÚDE;RJ;006246;Seguradora Especializada em Saúde;99095725.00;33031908.33;25238626.16
UNIMED DE DOURADOS COOPERATIVA DE TRABALHO MÉDICO LTDA;MS;333662;Cooperativa Médica;98147259.00;32715753.00;32429759.26
UNIMED MISSÕES/RS - COOPERATIVA DE ASSISTÊNCIA À SAÚDE LTDA.;RS;311618;Cooperativa Médica;94381197.00;31460399.00;48118712.69
UNIMED DE RIO CLARO SP COOPERATIVA DE TRABALHO MEDICO;SP;306126;Cooperativa Médica;94369151.00;31456383.67;53127812.51
UNIMED-SÃO GONÇALO - NITERÓI - SOC.COOP.SERV.MED E HOSP LTDA;RJ;343731;Cooperativa Médica;94001728.00;31333909.33;35422988.43
UNIMED ANHANGUERA COOPERATIVA DE TRABALHO MÉDICO;SP;348082;Cooperativa Médica;89474856.00;29824952.00;48686950.04
CARE PLUS MEDICINA ASSISTENCIAL LTDA.;SP;379956;Medicina de Grupo;89372575.00;29790858.33;26973102.72
UNIMED DE BEBEDOURO COOPERATIVA DE TRABALHO MÉDICO;SP;331341;Cooperativa Médica;89121623.00;29707207.67;42958497.19
ALICE OPERADORA LTDA.;SP;421928;Medicina de Grupo;89114545.00;29704848.33;50013099.32
UNIMED NORTE FLUMINENSE COOPERATIVA DE TRABALHO MEDICO;RJ;312592;Cooperativa Médica;88166160.00;29388720.00;48294334.40
UNIMED DO ESTADO DE SANTA CATARINA FED. EST. DAS COOP. MÉD.;SC;355691;Cooperativa Médica;87105469.00;29035156.33;24303080.49
SAMEDIL SERVIÇOS DE ATENDIMENTO MÉDICO S/A;ES;335614;Medicina de Grupo;85540963.00;28513654.33;35802973.77
FUNDAÇÃO SÃO FRANCISCO XAVIER;MG;339954;Filantropia;82366581.00;27455527.00;20500805.13
UNIMED DE CASCAVEL COOPERATIVA DE TRABALHO MÉDICO;PR;370070;Cooperativa Médica;82214935.00;27404978.33;33044291.31
UNIMED RECIFE COOPERATIVA DE TRABALHO MÉDICO;PE;344885;Cooperativa Médica;77716608.00;25905536.00;39738254.93
UNIMED UBERLÂNDIA COOPERATIVA REGIONAL TRABALHO MÉDICO LTDA;MG;384577;Cooperativa Médica;77407139.00;25802379.67;35107107.53
UNIMED CENTRO OESTE PAULISTA - FEDERAÇÃO INTRAFEDERATIVA DAS COOPERATIVAS MÉDICAS;SP;357138;Cooperativa Médica;76828156.00;25609385.33;17524518.82
ASSOCIAÇÃO PETROBRAS DE SAÚDE - APS;RJ;422631;Autogestão;73932099.00;73932099.00;0.00
PASA - PLANO DE ASSISTENCIA A SAUDE DO APOSENTADO DA VALE;RJ;331988;Autogestão;73556923.00;24518974.33;33643877.24
ASSOCIAÇÃO ADVENTISTA NORTE BRASILEIRA DE PREVENÇÃO E ASSISTÊNCIA A SAÚDE;PA;406554;Filantropia;71396680.00;23798893.33;34966766.31
Operadora 349534;N/D;N/D;Desconhecida;71120542.00;35560271.00;49525097.10
MÚTUA DOS MAGISTRADOS DO ESTADO DO RIO DE JANEIRO;RJ;418650;Autogestão;70539334.00;23513111.33;31925174.85
UNIÃO MÉDICA PLANOS DE SAÚDE S/A;BA;414581;Medicina de Grupo;70312536.00;23437512.00;20155890.84
UNIMED ARARUAMA COOPERATIVA DE TRABALHO MÉDICO LTDA;RJ;335215;Cooperativa Médica;70119031.00;23373010.33;39534496.76
UNIMED ALTO VALE - COOPERATIVA DE TRABALHO MÉDICO;SC;372561;Cooperativa Médica;69604940.00;23201646.67;39265507.03
ASSOCIAÇÃO DOS EMPREGADOS DA COMPANHIA ESTADUAL DE HABITAÇÃO E OBRAS PÚBLICAS - ASSEC;SE;384704;Autogestão;69216484.00;23072161.33;39787953.85
UNIMED ERECHIM - COOPERATIVA DE SERVIÇOS DE SAÚDE LTDA.;RS;357022;Cooperativa Médica;68282703.00;22760901.00;35743928.76
UNIMED NATAL SOC. COOP. DE TRAB. MÉDICO;RN;335592;Cooperativa Médica;68088419.00;22696139.67;27623663.81
DOCTOR CLIN OPERADORA DE PLANOS DE SAÚDE LTDA.;RS;349682;Medicina de Grupo;67930319.00;22643439.67;35874033.83
UNIMED DE LONDRINA COOPERATIVA DE TRABALHO MÉDICO;PR;343269;Cooperativa Médica;67775099.00;22591699.67;26654013.49
CAIXA DE ASSISTÊNCIA À SAÚDE - CABERJ;RJ;324361;Medicina de Grupo;67506734.00;22502244.67;36349091.80
UNIMED TERESINA - COOPERATIVA DE TRABALHO MÉDICO;PI;353353;Cooperativa Médica;67201358.00;22400452.67;21697404.34
UNIMED PATROCÍNIO COOPERATIVA DE TRABALHO MÉDICO LTDA.;MG;355593;Cooperativa Médica;65441184.00;21813728.00;24575007.63
FUNDAÇÃO SANEPAR DE ASSISTÊNCIA SOCIAL;PR;338648;Autogestão;64439176.00;21479725.33;36866684.50
UNIMED PELOTAS/RS - COOPERATIVA DE ASSISTÊNCIA À SAÚDE LTDA.;RS;311375;Cooperativa Médica;63484291.00;21161430.33;35376170.57
UNIMED SAO JOSÉ DO RIO PRETO - COOP. DE TRABALHO MÉDICO;SP;335100;Cooperativa Médica;63449690.00;21149896.67;24585246.24
ASSOCIAÇÃO DOS FUNCIONÁRIOS DO FISCO DO ESTADO DE GOIÁS;GO;306754;Autogestão;62398345.00;20799448.33;19308782.80
CAIXA DE ASSISTÊNCIA DOS FUNCIONÁRIOS DO BANCO DO BRASIL;DF;346659;Autogestão;58711155.00;19570385.00;31013719.65
UNIMED DE PIRACICABA SOCIEDADE COOPERATIVA DE SERVIÇOS MÉDICOS;SP;315729;Cooperativa Médica;57934772.00;19311590.67;16817582.18
UNIMED CATAGUASES COOPERATIVA DE TRABALHO MÉDICO LTDA;MG;315648;Cooperativa Médica;57373032.00;19124344.00;18223403.68
BENEFICENCIA CAMILIANA DO SUL;SP;318299;Filantropia;56328438.00;28164219.00;19475813.79
INSTITUIÇÃO BENEFICENTE CEL MASSOT - IBCM;RS;419427;Autogestão;55022095.00;18340698.33;31378811.09
UNIMED GURUPI COOPERATIVA DE TRABALHO MÉDICO;TO;301124;Cooperativa Médica;54894149.00;18298049.67;15361396.03
UNIMED DIVINOPOLIS - COOPERATIVA DE TRABALHO MEDICO LTDA;MG;319121;Cooperativa Médica;54695893.00;18231964.33;24749984.55
SUL AMÉRICA PARANÁ CLÍNICAS SERVIÇOS DE SAÚDE S.A.;SP;416428;Medicina de Grupo;54613047.00;18204349.00;24499341.19
CAIXA DE ASSISTÊNCIA DOS EMPREGADOS DA EMPRESA BRASILEIRA DE PESQUISA  AGROPECUÁRIA;DF;416401;Autogestão;54532809.00;18177603.00;30821647.25
SAMP ESPIRITO SANTO ASSISTENCIA MEDICA SA;ES;342033;Medicina de Grupo;53599457.00;17866485.67;30727868.95
UNIMED DE PRESIDENTE PRUDENTE COOPERATIVA DE TRAB. MÉDICO;SP;315796;Cooperativa Médica;51902359.00;17300786.33;20101879.12
ATÍVIA SERVIÇOS DE SAÚDE S/A;SP;320510;Medicina de Grupo;51766450.00;25883225.00;11301341.20
UNIMED CURITIBA - SOCIEDADE COOPERATIVA DE MÉDICOS;PR;304701;Cooperativa Médica;51703958.00;17234652.67;20782205.71
PARANA ASSISTENCIA MEDICA LTDA;PR;315265;Medicina de Grupo;50881689.00;16960563.00;28642264.20
UNIMED PORTO VELHO - SOCIEDADE COOPERATIVA MÉDICA LTDA;RO;337374;Cooperativa Médica;49719694.00;16573231.33;22735250.30
FUNDAÇÃO CELESC DE SEGURIDADE SOCIAL - CELOS;SC;315044;Autogestão;49446871.00;16482290.33;24937995.24
QUALICORP CLUBE DE SAÚDE ADMINISTRADORA DE BENEFÍCIOS LTDA.;SP;419290;Administradora de Benefícios;48945160.00;16315053.33;14003965.63
UNIMED DE BAURU COOPERATIVA DE TRABALHO MÉDICO;SP;369659;Cooperativa Médica;48364906.00;16121635.33;8521827.06
HOSPITAIS E CLÍNICAS DO PIAUÍ S/S LTDA;PI;416398;Medicina de Grupo;48117110.00;16039036.67;27505313.26
UNIMED ITUIUTABA COOPERATIVA TRABALHO MÉDICO LTDA.;MG;301060;Cooperativa Médica;46256961.00;15418987.00;25532020.37
UNIMED DE CRICIÚMA COOPERATIVA DE TRABALHO MÉDICO DA REGIÃO CARBONÍFERA;SC;329339;Cooperativa Médica;45381606.00;15127202.00;23927235.82
UNIMED CUIABA COOPERATIVA DE TRABALHO MÉDICO;MT;342084;Cooperativa Médica;44925578.00;14975192.67;12675657.01
UNIMED JUIZ DE FORA COOPERATIVA DE TRABALHO MÉDICO LTDA;MG;306886;Cooperativa Médica;44806334.00;14935444.67;10975760.70
UNIMED GRANDE FLORIANÓPOLIS-COOPERATIVA DE TRABALHO MEDICO;SC;360449;Cooperativa Médica;44700205.00;14900068.33;17092725.91
CAIXA DE ASSISTÊNCIA DOS FUNCIONÁRIOS DO BANCO DA AMAZÔNIA - CASF;PA;358754;Autogestão;44654023.00;14884674.33;23894450.59
UNIMED PALMAS COOPERATIVA DE TRABALHO MÉDICO;TO;309907;Cooperativa Médica;43676985.00;14558995.00;10152720.97
UNIMED BELÉM COOPERATIVA DE TRABALHO MÉDICO;PA;303976;Cooperativa Médica;43069796.00;14356598.67;10296238.92
UNIMED LITORAL SUL/RS - COOPERATIVA DE ASSISTÊNCIA À SAÚDE LTDA.;RS;300136;Cooperativa Médica;41605177.00;13868392.33;17593748.12
UNIMED DE ASSIS COOPERATIVA DE TRABALHO MÉDICO;SP;300713;Cooperativa Médica;40718261.00;13572753.67;22023354.63
UNIMED PONTA GROSSA COOPERATIVA DE TRABALHO MEDICO;PR;349712;Cooperativa Médica;40702777.00;13567592.33;21058236.36
QUALICORP ADMINISTRADORA DE BENEFÍCIOS S.A.;SP;417173;Administradora de Benefícios;40252689.00;13417563.00;21575503.12
R.M.I. OPERADORA DE SAÚDE INTEGRADA LTDA;SP;420271;Medicina de Grupo;39752738.00;19876369.00;28083691.92
PLANO HOSPITAL SAMARITANO LTDA;SP;411256;Medicina de Grupo;39615172.00;13205057.33;21253116.21
LIV LINHAS INTELIGENTES DE ATENÇÃO À VIDA S/A;SP;379280;Medicina de Grupo;39380846.00;13126948.67;20265491.40
UNIMED DE GUARULHOS COOPERATIVA DE TRABALHO MÉDICO;SP;333051;Cooperativa Médica;38764232.00;12921410.67;6705054.43
UNIMED NORTE PAULISTA - COOPERATIVA DE TRABALHO MÉDICO;SP;323055;Cooperativa Médica;38576508.00;12858836.00;21936328.56
ASSOCIAÇÃO SÃO FRANCISCO VIDA;SP;419141;Medicina de Grupo;38396100.00;12798700.00;21498003.32
UNIMED RIO BRANCO COOPERATIVA DE TRABALHO MEDICO LTDA;AC;337871;Cooperativa Médica;37933706.00;12644568.67;10462123.67
UNIMED EXTREMO SUL COOPERATIVA DE TRABALHO MÉDICO;BA;346209;Cooperativa Médica;37509394.00;12503131.33;16664805.44
UNIMED NOVA IGUACU COOPERATIVA DE TRABALHO MEDICO;RJ;344397;Cooperativa Médica;36940557.00;12313519.00;13753999.75
UNIMED NOROESTE CAPIXABA COOPERATIVA DE TRABALHO MÉDICO.;ES;371629;Cooperativa Médica;36418018.00;12139339.33;16542290.99
UNIMED DO ESTADO DO PARANÁ FEDERAÇÃO ESTADUAL DAS COOPERATIVAS MÉDICAS;PR;312720;Cooperativa Médica;35519635.00;11839878.33;9744282.78
MED-TOUR ADMINISTRADORA DE BENEFÍCIOS E EMPREENDIMENTOS LTDA.;SP;328537;Medicina de Grupo;34905493.00;11635164.33;8513260.65
ASSOCIAÇÃO DE BENEFICÊNCIA E FILANTROPIA SÃO CRISTOVÃO;SP;314218;Filantropia;34060702.00;11353567.33;15383792.92
INSTITUTO CURITIBA DE SAÚDE;PR;419010;Autogestão;31900272.00;10633424.00;14508356.71
SISTEMAS E PLANOS DE SAÚDE LTDA.;SP;352586;Medicina de Grupo;31388053.00;10462684.33;18106233.86
UNIMED MARQUES DE VALENÇA COOPERATIVA DE TRABALHO MÉDICO LTDA.;RJ;321087;Cooperativa Médica;31317413.00;10439137.67;7226334.84
UNIMED REGIONAL DE FLORIANO - COOPERATIVA DE TRABALHO MÉDICO;PI;316458;Cooperativa Médica;30753536.00;10251178.67;16527915.21
UNIMED DO ESTADO DE SÃO PAULO - FEDERAÇÃO ESTADUAL DAS COOP. MÉDICAS;SP;319996;Cooperativa Médica;30710859.00;10236953.00;16930688.91
UNIMED POÇOS DE CALDAS - SOC. COOP. DE TRAB. E SERVIÇOS MÉDICOS;MG;316148;Cooperativa Médica;30658204.00;10219401.33;11666062.90
UNIMED ITABIRA COOPERATIVA DE TRABALHO MÉDICO;MG;335517;Cooperativa Médica;30478420.00;10159473.33;8575951.60
CORPORE ADMINISTRADORA DE BENEFICIOS DA SAUDE LTDA;SP;418960;Administradora de Benefícios;30465249.00;10155083.00;5239299.32
UNIMED NOROESTE/RS - SOCIEDADE COOPERATIVA DE ASSISTÊNCIA À SAÚDE LTDA.;RS;357260;Cooperativa Médica;29917371.00;9972457.00;9927521.83
ASSOCIAÇÃO PLANO DE SAÚDE SANTA CASA DE VALINHOS;SP;419958;Medicina de Grupo;29879775.00;9959925.00;5219730.13
MEDISERVICE OPERADORA DE PLANOS DE SAÚDE S.A.;SP;333689;Medicina de Grupo;28789626.00;9596542.00;11252648.59
GAMA SAUDE LTDA.;SP;407011;Medicina de Grupo;28355053.00;9451684.33;8155653.10
UNIMED-RIO COOPERATIVA DE TRABALHO MEDICO DO RIO DE JANEIRO;RJ;393321;Cooperativa Médica;28278130.00;28278130.00;0.00
UNIMED LEOPOLDINA COOPERATIVA DE TRABALHO MÉDICO LTDA;MG;386901;Cooperativa Médica;27704429.00;9234809.67;11198883.63
ASSOCIAÇÃO POLICIAL DE ASSISTÊNCIA A SAÚDE;SP;409413;Autogestão;27493844.00;9164614.67;15527938.87
UNIMED GOVERNADOR VALADARES COOP. DE TRABALHO MÉDICO LTDA.;MG;386588;Cooperativa Médica;27311571.00;9103857.00;11002470.12
FUNDAÇÃO DE ASSISTÊNCIA À SAÚDE DA ASSOCIAÇÃO DO MINISTÉRIO PÚBLICO DO RIO GRANDE DO SUL;RS;420701;Autogestão;27308020.00;13654010.00;19289177.20
UNIODONTO BELÉM - COOPERATIVA DE ASSISTÊNCIA À SAÚDE ODONTOLÓGICA;PA;368555;Cooperativa odontológica;27074330.00;9024776.67;11274211.02
UNIMED PATO BRANCO SOCIEDADE COOPERATIVA DE MÉDICOS;PR;370681;Cooperativa Médica;26920438.00;8973479.33;3414694.96
UNIMED ALTA MOGIANA COOPERATIVA DE TRABALHO MÉDICO;SP;324159;Cooperativa Médica;26754531.00;8918177.00;7707696.28
UNIMED VITORIA COOPERATIVA DE TRABALHO MEDICO;ES;357391;Cooperativa Médica;26630276.00;8876758.67;7820223.99
TERRAMAR ADMINISTRADORA DE PLANO DE SAUDE LTDA;BA;412759;Medicina de Grupo;26271189.00;8757063.00;14632347.05
UNIMED PARÁ DE MINAS COOPERATIVA DE TRABALHO MÉDICO LTDA.;MG;304344;Cooperativa Médica;26259598.00;8753199.33;6880062.24
UNIMED CONSELHEIRO LAFAIETE COOPERATIVA DE TRABALHO MÉDICO LTDA;MG;345709;Cooperativa Médica;26124079.00;8708026.33;7380942.86
UNIMED SERRA GAUCHA/RS COOPERATIVA DE ASSISTENCIA A SAUDE LTDA;RS;325571;Cooperativa Médica;25704468.00;8568156.00;12479578.73
UNIMED NORTE DO MATO GROSSO COOPERATIVA DE TRABALHO MÉDICO;MT;353663;Cooperativa Médica;25701098.00;8567032.67;7071577.18
CEMIG SAÚDE;MG;417505;Autogestão;25695840.00;8565280.00;12314345.31
UNIMED RIO VERDE COOPERATIVA TRABALHO MEDICO;GO;320251;Cooperativa Médica;25286814.00;8428938.00;12834427.86
SBC SAÚDE LTDA.;SP;412058;Medicina de Grupo;25216267.00;8405422.33;13374337.96
UNIMED SOROCABA COOPERATIVA DE TRABALHO MÉDICO;SP;348295;Cooperativa Médica;24191344.00;8063781.33;11011741.33
GOCARE PLANOS DE SAUDE LTDA;SP;422681;Medicina de Grupo;24160624.00;8053541.33;7184331.46
ASSOCIAÇÃO SANTA SAÚDE;SP;418021;Medicina de Grupo;23871227.00;7957075.67;9685378.29
ITAUSEG SAÚDE S.A.;SP;000884;Seguradora Especializada em Saúde;23643383.00;7881127.67;8603687.76
UNIMED PATOS DE MINAS COOPERATIVA TRABALHO MÉDICO LTDA.;MG;353060;Cooperativa Médica;23574458.00;7858152.67;12040124.06
POLICLIN SAÚDE S/A.;SP;415693;Medicina de Grupo;22225432.00;7408477.33;2342331.34
UNIMED AMPARO COOPERATIVA DE TRABALHO MÉDICO;SP;345598;Cooperativa Médica;22182422.00;7394140.67;3852421.96
UNIMED CALDAS NOVAS - COOPERATIVA DE TRABALHO MEDICO;GO;343765;Cooperativa Médica;22034530.00;7344843.33;12648218.18
UNIMED REGIONAL MARINGÁ COOP.DE TRABALHO MÉDICO;PR;371254;Cooperativa Médica;22012887.00;7337629.00;9503927.82
CAIXA DE ASSISTÊNCIA DOS MAGISTRADOS DE PERNAMBUCO;PE;302627;Autogestão;22001264.00;7333754.67;12141792.34
UNIMED FRANCISCO BELTRAO COOPERATIVA DE TRABALHO MEDICO;PR;336858;Cooperativa Médica;21745228.00;7248409.33;3663985.25
UNIMED SUL CAPIXABA COOPERATIVA DE TRABALHO MÉDICO;ES;320706;Cooperativa Médica;21078012.00;7026004.00;7752965.03
ASSOCIAÇÃO FUNDO DE PROTEÇÃO À SAÚDE;PR;416584;Autogestão;20842463.00;6947487.67;11524932.05
UNIMED CARATINGA - COOPERATIVA DE TRABALHO MÉDICO LTDA;MG;347736;Cooperativa Médica;20672761.00;6890920.33;10969727.27
ASSOCIAÇÃO EVANGELICA BENEFICENTE DE LONDRINA;PR;326755;Filantropia;20283153.00;6761051.00;8052006.34
SOBAM CENTRO MÉDICO HOSPITALAR S.A.;SP;326500;Medicina de Grupo;20132495.00;6710831.67;10512893.96
UNIMED ARAXÁ COOPERATIVA DE TRABALHO MÉDICO LTDA.;MG;331651;Cooperativa Médica;20125844.00;6708614.67;5991529.27
UNIODONTO PORTO ALEGRE COOPERATIVA ODONTOLOGICA LTDA;RS;366439;Cooperativa odontológica;20090634.00;20090634.00;0.00
UNIMED DE VOLTA REDONDA COOPERATIVA DE TRABALHO MÉDICO;RJ;364584;Cooperativa Médica;19697990.00;6565996.67;7680225.40
ALLIANZ SAÚDE S/A;SP;000515;Seguradora Especializada em Saúde;19573689.00;6524563.00;8536313.15
UNIMED DE CATALÃO COOPERATIVA DE TRABALHO MÉDICO;GO;324566;Cooperativa Médica;19335779.00;6445259.67;10897015.38
LEVE SAUDE OPERADORA DE PLANOS DE SAUDE S.A;RJ;422339;Medicina de Grupo;19107762.00;6369254.00;3894056.51
UNIMED ALTO SÃO FRANCISCO COOPERATIVA DE TRABALHO MÉDICO;MG;348261;Cooperativa Médica;19043634.00;6347878.00;10022916.30
HOSPITAL DE PRONTOCLINICA LTDA.;RS;341941;Medicina de Grupo;18261909.00;6087303.00;2140133.04
ALL CARE ADMINISTRADORA DE BENEFÍCIOS SÃO PAULO LTDA;SP;417289;Administradora de Benefícios;18248330.00;6082776.67;9612509.69
PLURAL GESTÃO EM PLANOS DE SAÚDE LTDA;RJ;418552;Administradora de Benefícios;18216944.00;6072314.67;3039477.24
CAIXA DE ASSISTÊNCIA DOS EMPREGADOS DO BANCO DO ESTADO DO RIO GRANDE DO SUL;RS;307319;Autogestão;17915717.00;5971905.67;10318206.91
FEDERAÇÃO DAS SOCIEDADES COOPERATIVAS DE TRABALHO MÉDICO DO ACRE, AMAPÁ, AMAZONAS, PARÁ, RONDONIA E RORAIMA;AM;313971;Cooperativa Médica;17901552.00;17901552.00;0.00
UNIMED DE CATANDUVA - COOPERATIVA DE TRABALHO MÉDICO;SP;351407;Cooperativa Médica;17627189.00;5875729.67;3631707.69
UNIMED OESTE DO PARANA - COOPERATIVA DE TRABALHO MEDICO;PR;305227;Cooperativa Médica;17300581.00;5766860.33;5596674.99
SF SISTEMAS DE SAÚDE LTDA;SP;422371;Medicina de Grupo;17044233.00;5681411.00;5156762.81
UNIMED FRUTAL COOPERATIVA DE TRABALHO MEDICO LTDA;MG;371564;Cooperativa Médica;16662005.00;5554001.67;4608972.95
SAÚDE BRASIL ASSISTÊNCIA MÉDICA LTDA.;SP;421154;Medicina de Grupo;16438131.00;8219065.50;10213667.43
UNIMED COSTA VERDE RJ;RJ;311146;Cooperativa Médica;16269991.00;5423330.33;3431355.91
UNIMED SÃO LOURENÇO COOPERATIVA DE TRABALHO MÉDICO;MG;370088;Cooperativa Médica;16243929.00;5414643.00;5144481.56
SAÚDE BRB - CAIXA DE ASSISTÊNCIA ;DF;414310;Autogestão;16224904.00;5408301.33;2735152.54
COOPERATIVA DE TRABALHO MÉDICO DE POUSO ALEGRE;MG;337188;Cooperativa Médica;16095009.00;5365003.00;7001905.59
ASSOCIAÇÃO DA SANTA CASA SAÚDE DE RIBEIRÃO PRETO;SP;417947;Medicina de Grupo;15849532.00;5283177.33;3783281.73
NOSSA SAÚDE - OPERADORA PLANOS PRIVADOS DE ASSISTÊNCIA  À SAÚDE LTDA.;PR;372609;Medicina de Grupo;15755119.00;5251706.33;2713704.99
UNIMED CENTRO RONDÔNIA COOPERATIVA DE TRABALHO MÉDICO;RO;347507;Cooperativa Médica;15684195.00;5228065.00;8471055.60
ELETROS SAÚDE - ASSOCIAÇÃO DE ASSISTÊNCIA À SAÚDE;RJ;422070;Autogestão;15295502.00;5098500.67;4683940.18
PROASA SAÚDE;DF;310522;Medicina de Grupo;15290521.00;5096840.33;8719272.15
VIVENTERIS LTDA;PR;414662;Odontologia de Grupo;15184771.00;5061590.33;7729897.69
SAMEL PLANO DE SAÚDE LTDA;AM;367095;Medicina de Grupo;15099174.00;5033058.00;8390592.77
COOPERATIVA CENTRAL UNIMED DE COOPERATIVAS DE ASSISTÊNCIA À SAÚDE DO RIO GRANDE DO SUL LTDA.;RS;367087;Cooperativa Médica;15011062.00;5003687.33;6967205.42
UNIMED VIÇOSA - COOPERATIVA DE TRABALHO MÉDICO;MG;314587;Cooperativa Médica;14942583.00;4980861.00;2791227.27
UNIMED DE BARRETOS COOPERATIVA DE TRABALHO MÉDICO;SP;347108;Cooperativa Médica;14940677.00;4980225.67;1758318.93
UNIMED ALTO DA SERRA - SOCIEDADE COOPERATIVA DE SERVIÇO MÉDICO LTDA.;RS;343684;Cooperativa Médica;14846838.00;4948946.00;5451719.62
UNIMED DE GUARATINGUETA-COOPERATIVA DE TRABALHO MÉDICO;SP;355577;Cooperativa Médica;14829881.00;4943293.67;3473926.38
CAIXA BENEFICENTE DOS FUNCIONARIOS DO BANCO DO ESTADO DE SÃO PAULO;SP;352331;Autogestão;14721123.00;4907041.00;7546200.66
UNIMED DE DRACENA - COOPERATIVA DE TRABALHO MÉDICO;SP;314781;Cooperativa Médica;14606928.00;4868976.00;7804424.00
UNIODONTO DO BRASIL CENTRAL NACIONAL DAS COOPERATIVAS ODONTÓLOGICAS;SP;314315;Cooperativa odontológica;14542738.00;4847579.33;6105041.12
SANTA CASA DE MISERICORDIA DE SAO JOAQUIM DA BARRA;SP;345091;Filantropia;14513443.00;4837814.33;4107718.81
UNIMED DE TUBARAO - COOPERATIVA DE TRABALHO MEDICO DA REGIAO DA AMUREL;SC;364860;Cooperativa Médica;14370658.00;4790219.33;716161.29
UNIMED RONDONOPOLIS COOPERATIVA DE TRABALHO MÉDICO LTDA;MT;359777;Cooperativa Médica;14285256.00;4761752.00;3755058.79
UNIMED DE AVARÉ COOPERATIVA DE TRABALHO MÉDICO;SP;304123;Cooperativa Médica;14208143.00;4736047.67;3531190.75
UNIMED NORTE CAPIXABA- COOPERATIVA DE TRABALHO MÉDICO;ES;371777;Cooperativa Médica;14180160.00;4726720.00;4963511.79
PB ASSISTENCIA MEDICA EU LTDA;BA;422584;Medicina de Grupo;14007061.00;4669020.33;4792551.38
UNIMED METROPOLITANA DO AGRESTE - COOPERATIVA DE TRABALHO MÉDICO;AL;318566;Cooperativa Médica;13998962.00;4666320.67;4527347.62
UNIMED DE SANTA BÁRBARA D'OESTE E AMERICANA - COOP DE TRABALHO MÉDICO;SP;369292;Cooperativa Médica;13767852.00;4589284.00;3849552.16
UNIMED DE MARILIA COOPERATIVA DE TRABALHO MÉDICO;SP;336106;Cooperativa Médica;13683469.00;4561156.33;3543808.31
UNIMED ARAGUARI COOPERATIVA DE TRABALHO MÉDICO ;MG;354325;Cooperativa Médica;13608633.00;4536211.00;2131714.90
UNITY SERVIÇOS INTEGRADOS DE SAÚDE LTDA.;DF;423335;Medicina de Grupo;13430939.00;4476979.67;6640551.29
UNIMED SERGIPE - COOPERATIVA DE TRABALHO MÉDICO;SE;337668;Cooperativa Médica;13366378.00;4455459.33;5157830.33
UNIMED DE PARANAGUÁ COOPERATIVA DE TRABALHO MÉDICO;PR;361615;Cooperativa Médica;13328864.00;4442954.67;2943894.33
H.B. SAÚDE S/A.;SP;350249;Medicina de Grupo;13269423.00;4423141.00;2812479.24
CENTRAL REGIONAL DAS COOPERATIVAS MÉDICAS - UNIMED CERRADO;GO;386596;Cooperativa Médica;13198713.00;4399571.00;7103008.18
PLANO DE SAÚDE ANA COSTA LTDA.;SP;360244;Medicina de Grupo;13092643.00;4364214.33;2206920.13
PERSONAL CARE OPERADORA DE SAÚDE SA;SP;421707;Medicina de Grupo;13089647.00;6544823.50;9248864.07
CIRCULO OPERARIO CAXIENSE;RS;310247;Medicina de Grupo;13065406.00;4355135.33;5025445.13
SERVIÇO SOCIAL DA INDÚSTRIA DO PAPEL, PAPELÃO E CORTIÇA DO ESTADO DE SÃO PAULO - SEPACO;SP;420077;Autogestão;12678898.00;4226299.33;2661249.64
PORTO SEGURO - SEGURO SAÚDE S/A;SP;000582;Seguradora Especializada em Saúde;12550316.00;6275158.00;8274775.69
ECONOMUS INSTITUTO DE SEGURIDADE SOCIAL;SP;342611;Autogestão;12514379.00;4171459.67;3811742.34
UNIMED DE MOCOCA COOPERATIVA DE TRAB. MÉDICO;SP;328308;Cooperativa Médica;12302733.00;4100911.00;3988926.43
ASSOCIAÇÃO SANTA CASA SAÚDE DE ARAÇATUBA;SP;418803;Medicina de Grupo;12295516.00;4098505.33;4127976.62
UNIMED JOÃO MONLEVADE COOPERATIVA DE TRABALHO MÉDICO LTDA.;MG;352314;Cooperativa Médica;12215493.00;4071831.00;4129864.26
UNIMED BARRA DO GARÇAS - COOPERATIVA DE TRABALHO MÉDICO;MT;304468;Cooperativa Médica;12159962.00;4053320.67;2810919.02
UNIMED VALE DO SINOS - COOPERATIVA DE ASSISTÊNCIA À SAÚDE LTDA;RS;356417;Cooperativa Médica;12113240.00;4037746.67;1787196.91
ASSOCIAÇÃO SAÚDE CONCEIÇÃO;SC;330892;Medicina de Grupo;12077478.00;4025826.00;583480.07
ASSOCIAÇÃO BENEFICENTE DOS PROFESSORES PÚBLICOS ATIVOS E INATIVOS DO RIO DE JANEIRO - APPAI;RJ;382540;Medicina de Grupo;12040325.00;4013441.67;4111842.68
UNIMED MEIO OESTE CATARINENSE COOPERATIVA DE TRABALHO MÉDICO;SC;301744;Cooperativa Médica;11942383.00;3980794.33;5332578.76
UNIMED VALE DO CAÍ/RS - COOPERATIVA DE ASSISTÊNCIA À SAÚDE LTDA.;RS;313211;Cooperativa Médica;11840046.00;3946682.00;4577425.90
AFFIX ADMINISTRADORA DE BENEFÍCIOS LTDA;SP;417424;Administradora de Benefícios;11764824.00;3921608.00;6434450.78
ALVORECER - ASSOCIAÇÃO DE SOCORROS MÚTUOS;SP;344800;Medicina de Grupo;11732222.00;3910740.67;3889264.85
UNIMED CAMPINA GRANDE - COOPERATIVA DE TRABALHO MEDICO LTDA;PB;367397;Cooperativa Médica;11663435.00;3887811.67;5653838.99
UNIHOSP SAÚDE LTDA;SP;385255;Medicina de Grupo;11537412.00;3845804.00;6626486.91
UNIMED DE LORENA COOPERATIVA DE TRABALHO MÉDICO;SP;385620;Cooperativa Médica;11523356.00;3841118.67;2290447.50
COOPERATIVA DE TRABALHO MEDICO DE ARAGUAÍNA - UNIMED ARAGUAÍNA;TO;313084;Cooperativa Médica;11476504.00;3825501.33;2557020.20
UNIMED NORTE DO PARANÁ COOPERATIVA REGIONAL DE TRABALHO MÉDICO;PR;358282;Cooperativa Médica;11384882.00;3794960.67;5016103.04
TEMPO MED PLANO DE SAUDE LTDA;SC;422771;Medicina de Grupo;11087401.00;3695800.33;3391786.26
COOPERATIVA DE TRABALHO MÉDICO DO PLANALTO NORTE DE SANTA CATARINA LTDA;SC;317012;Cooperativa Médica;11064881.00;3688293.67;3276321.52
UNIMED REGIONAL DA BAIXA MOGIANA - COOPERATIVA DE TRABALHO MÉDICO;SP;311847;Cooperativa Médica;11044637.00;3681545.67;2727910.10
Operadora 350141;N/D;N/D;Desconhecida;10913519.00;3637839.67;1761372.20
CAIXA DE ASSISTÊNCIA À SAÚDE DO SINDICATO DOS FUNCIONÁRIOS INTEGRANTES DO GRUPO OCUPACIONAL ADMINISTRAÇÃO TRIBUTÁRIA DO ESTADO DE PERNAMBUCO;PE;417661;Autogestão;10889005.00;3629668.33;3393584.59
UNIMED DE CAPIVARI -COOPERATIVA DE TRABALHO MÉDICO;SP;366340;Cooperativa Médica;10872284.00;3624094.67;4469434.34
CASA DE SAÚDE NOSSA SENHORA DE FÁTIMA  LTDA.;CE;327328;Medicina de Grupo;10871150.00;3623716.67;1953708.38
UNIMED ENCOSTA DA SERRA/RS SOCIEDADE COOPERATIVA DE SERVIÇOS DE SAÚDE LTDA.;RS;311715;Cooperativa Médica;10773054.00;3591018.00;3222959.19
CENTRO CLÍNICO GAÚCHO LTDA;CE;392804;Medicina de Grupo;10647243.00;3549081.00;3096350.50
UNIMED LESTE PAULISTA COOPERATIVA DE TRABALHO MÉDICO;SP;358088;Cooperativa Médica;10480681.00;3493560.33;3808818.98
UNIMED REGIONAL SUL GOIAS COOP. DE TRABALHO MÉDICO LTDA;GO;305472;Cooperativa Médica;10455823.00;3485274.33;1954232.04
UNIMED FRANCA - SOCIEDADE COOPERATIVA DE SERVIÇOS MÉDICOS E HOSPITALARES;SP;354783;Cooperativa Médica;10447919.00;3482639.67;4903458.15
UNIMED DE MINEIROS COOPERATIVA DE TRABALHO MÉDICO ;GO;357715;Cooperativa Médica;10344621.00;3448207.00;2102459.98
AMEPLAN ASSISTÊNCIA MÉDICA PLANEJADA LTDA;SP;394734;Medicina de Grupo;10327682.00;3442560.67;2160152.02
ESMALE ASSISTENCIA INTERNACIONAL DE SAUDE LTDA.;AL;395480;Medicina de Grupo;10082365.00;3360788.33;4939171.83
VITA ASSISTÊNCIA A SAÚDE LTDA.;MG;414905;Medicina de Grupo;10003802.00;3334600.67;2157880.17
OPLAN SAÚDE OPERADORA DE PLANO DE SAÚDE LTDA;RJ;418226;Medicina de Grupo;9946538.00;3315512.67;5508862.12
AESP ODONTO ASSISTÊNCIA ODONTOLÓGICA S/S LTDA EPP;SP;413283;Odontologia de Grupo;9939019.00;3313006.33;5605032.19
UNIMED CABO FRIO COOPERATIVA TRABALHO MÉDICO LTDA.;RJ;323357;Cooperativa Médica;9928288.00;3309429.33;2475175.74
CAIXA DE ASSISTÊNCIA DOS EMPREGADOS DO SISTEMA FINANCEIRO BANESTES;ES;343331;Autogestão;9774127.00;3258042.33;4088880.45
UNIODONTO MACEIÓ COOPERATIVA ODONTOLÓGICA;AL;321125;Cooperativa odontológica;9769778.00;3256592.67;2679199.60
GEAP AUTOGESTÃO EM SAÚDE;DF;323080;Autogestão;9645151.00;3215050.33;4859433.80
CAIXA DE PREVIDÊNCIA E ASSISTÊNCIA DOS SERVIDORES DA FUNDAÇÃO NACIONAL DE SAÚDE - CAPESESP;RJ;324477;Autogestão;9614084.00;3204694.67;5316973.57
UNIMED DE BIRIGUI - COOPERATIVA DE TRABALHO MÉDICO;SP;345776;Cooperativa Médica;9491478.00;3163826.00;2935774.64
UNIMED MONTES CLAROS COOPERATIVA DE  TRABALHO MÉDICO LTDA.;MG;304051;Cooperativa Médica;9480571.00;3160190.33;4031793.35
UNIMED REGIÃO DA CAMPANHA/RS - COOPERATIVA DE ASSISTÊNCIA À SAÚDE LTDA.;RS;350648;Cooperativa Médica;9234768.00;3078256.00;3898098.30
UNIMED CAMPO BELO- COOPERATIVA DE TRABALHO MÉDICO;MG;367613;Cooperativa Médica;9228148.00;3076049.33;4194923.49
UNIODONTO DE JUNDIAÍ COOPERATIVA ODONTOLÓGICA;SP;347795;Cooperativa odontológica;9165488.00;3055162.67;4681792.55
UNIMED COSTA DO DESCOBRIMENTO COOPERATIVA DE TRABALHO MÉDICO;BA;324345;Cooperativa Médica;9147117.00;3049039.00;2953620.77
UNIMED CAÇADOR COOPERATIVA DE TRABALHO MÉDICO DA REGIÃO DO CONTESTADO;SC;346951;Cooperativa Médica;9008687.00;3002895.67;4380676.29
UNIMED CARUARU-COOPERATIVA DE TRABALHO MEDICO;PE;340952;Cooperativa Médica;8927368.00;2975789.33;3349797.87
ODONTO EMPRESAS CONVENIOS DENTARIOS LTDA.;SP;310981;Odontologia de Grupo;8918173.00;2972724.33;2562451.43
UNIMED UBERABA COOPERATIVA DE TRABALHO MEDICO LTDA.;MG;354066;Cooperativa Médica;8886700.00;2962233.33;1235086.16
CAIXA DE ASSISTÊNCIA AOS MEMBROS DA DEFENSORIA PÚBLICA DO ESTADO DO RIO DE JANEIRO;RJ;418820;Autogestão;8861205.00;2953735.00;4813646.37
UNIMED NOROESTE DO PARANÁ COOP DE TRABALHO MÉDICO .;PR;365777;Cooperativa Médica;8819897.00;2939965.67;1451345.27
UNIODONTO DE MANAUS - COOPERATIVA ODONTOLÓGICA LTDA.;AM;311391;Cooperativa odontológica;8770689.00;2923563.00;1650794.41
PLANO VIDA SAUDE SERVIÇOS ODONTOLOGICOS LTDA;SE;415987;Odontologia de Grupo;8666214.00;2888738.00;2429001.86
CAIXA DE ASSISTÊNCIA À SAÚDE DOS SERVIDORES PÚBLICOS DO ESTADO DO MATO GROSSO DO SUL;MS;421341;Autogestão;8575261.00;2858420.33;3235092.56
SALVE SAÚDE ADMINISTRADORA DE BENEFÍCIOS LTDA;RJ;424421;Administradora de Benefícios;8561103.00;2853701.00;1198120.86
UNIMED ITAJUBA COOPERATIVA DE TRABALHO MEDICO;MG;322831;Cooperativa Médica;8537138.00;2845712.67;2083456.09
UNIMED SÃO CARLOS - COOPERATIVA DE TRABALHO MÉDICO;SP;354031;Cooperativa Médica;8354590.00;2784863.33;2863133.97
UNIMED BARBACENA - COOPERATIVA DE TRABALHO MÉDICO LTDA;MG;309087;Cooperativa Médica;8279802.00;2759934.00;4653978.55
HOSPITAL CESAR LEITE;MG;314706;Filantropia;8208523.00;2736174.33;4531963.26
UNIMED DE CAÇAPAVA - COOPERATIVA DE TRABALHO MEDICO;SP;334154;Cooperativa Médica;8165826.00;2721942.00;3632077.55
SANTA CASA DE MISERICÓRDIA E BENEFICÊNCIA PORTUGUESA;SP;422762;Filantropia;8105240.00;2701746.67;2026461.58
PLENA SAÚDE S.A.;SP;348830;Medicina de Grupo;8096074.00;2698691.33;568583.61
FUNDO DE ASSISTÊNCIA MÉDICO-HOSPITALAR DO MINISTÉRIO PÚBLICO;MS;418129;Autogestão;8057581.00;2685860.33;4194504.11
MEDIATORIE ADMINISTRADORA DE BENEFÍCIOS S/A;ES;420859;Administradora de Benefícios;8053046.00;2684348.67;858837.50
SÃO FRANCISCO ASSISTÊNCIA MÉDICA LTDA;PE;403962;Medicina de Grupo;7980849.00;2660283.00;2893799.50
SAÚDE SANTA TEREZA LTDA.;SP;414930;Medicina de Grupo;7936278.00;2645426.00;2552967.75
UNIMED EXTREMO OESTE CATARINENSE COOPERATIVA DE TRABALHO MÉDICO;SC;340251;Cooperativa Médica;7903608.00;2634536.00;2399435.22
FUNDAÇÃO CHESF DE ASSISTÊNCIA E SEGURIDADE SOCIAL;PE;317233;Autogestão;7748480.00;3874240.00;5408292.07
AMESC - ASSOCIAÇÃO MÉDICA ESPÍRITA CRISTÃ;RJ;401081;Medicina de Grupo;7746465.00;3873232.50;5330528.01
UNIMED ANÁPOLIS COOPERATIVA DE TRABALHO MÉDICO.;GO;312347;Cooperativa Médica;7726864.00;2575621.33;1214298.29
UNIMED CACERES COOPERATIVA DE TRABALHO MÉDICO ;MT;350346;Cooperativa Médica;7657555.00;2552518.33;865256.15
DESBAN - FUNDAÇÃO BDMG DE SEGURIDADE SOCIAL;MG;357669;Autogestão;7559204.00;2519734.67;4353210.93
UNIMED GUAXUPÉ COOPERATIVA DE TRABALHO MEDICO;MG;318035;Cooperativa Médica;7542091.00;2514030.33;3403917.02
CAIXA DE ASSISTENCIA A SAUDE DA UNIVERSIDADE;MG;316873;Autogestão;7386076.00;2462025.33;2367743.50
SAUDE PAS - MEDICINA E ODONTO;RS;409243;Autogestão;7255344.00;2418448.00;3530033.42
SAMIG - SERV. DE ASSISTENCIA MEDICA DA ILHA DO GOVERNADOR LTDA;RJ;340162;Medicina de Grupo;7231610.00;2410536.67;3974822.79
UNIMED TEOFILO OTONI COOPERATIVA DE TRABALHO MÉDICO;MG;316881;Cooperativa Médica;7160369.00;2386789.67;1291707.99
UNIMED NORDESTE PAULISTA - FED. INTRAFEDERATIVA DAS COOP. MÉDICAS;SP;328294;Cooperativa Médica;7113655.00;2371218.33;3899434.57
UNIMED NORTE PIONEIRO - COOPERATIVA DE TRABALHO MÉDICO;PR;366064;Cooperativa Médica;7110356.00;2370118.67;1623985.45
ASSOCIAÇÃO POLICIAL DE ASSISTÊNCIA À SAÚDE DE DRACENA;SP;408026;Autogestão;7099337.00;2366445.67;3943877.36
UNIMED MORRINHOS COOPERATIVA DE TRABALHO MEDICO;GO;342157;Cooperativa Médica;7087443.00;2362481.00;1973759.04
PRONTOCLINICA E HOSPITAIS SAO LUCAS S/A;MG;305626;Medicina de Grupo;6962065.00;2320688.33;780879.09
MATÃO CLINICAS & AMHMA SAÚDE LTDA;SP;416495;Medicina de Grupo;6956332.00;2318777.33;951885.44
SERV  SOCIAL AUTÔNOMO DE ASSIST À SAÚDE DOS SERV PÚBLICOS E MILITARES DE GOIÁS;GO;424188;Autogestão;6667352.00;3333676.00;98194.50
ASSOCIAÇÃO DOS AUDITORES FISCAIS DA RECEITA ESTADUAL DO RIO DE JANEIRO;RJ;387185;Autogestão;6661186.00;2220395.33;1138183.50
UNICONSULT - ADMINISTRADORA DE BENEFICIOS E SERVICOS LTDA;SP;420107;Administradora de Benefícios;6626718.00;2208906.00;2323445.39
UNIMED FRONTEIRA NOROESTE/RS - COOPERATIVA DE ASSISTÊNCIA À SAÚDE LTDA.;RS;352179;Cooperativa Médica;6416712.00;2138904.00;2674894.49
UNIMED ALFENAS COOPERATIVA DE TRABALHO MEDICO;MG;354996;Cooperativa Médica;6401410.00;2133803.33;1684402.35
UNIMED OESTE DO PARÁ - COOPERATIVA DE TRABALHO MÉDICO;PA;362140;Cooperativa Médica;6318469.00;2106156.33;960814.62
PRIMA VIDA ODONTOLOGIA DE GRUPO LIMITADA;RJ;416525;Odontologia de Grupo;6285956.00;2095318.67;1808807.63
GARANTIA DE SAÚDE LTDA;SP;343064;Medicina de Grupo;6282288.00;2094096.00;2740986.38
UNIMED REGIONAL DE CAMPO MOURÃO COOP TRAB MEDICO ;PR;306100;Cooperativa Médica;6250063.00;2083354.33;2788421.41
COOPERATIVA ODONTOLÓGICA POÇOS DE CALDAS;MG;409791;Cooperativa odontológica;6207017.00;2069005.67;1262755.35
CONFERÊNCIA SÃO JOSÉ DO AVAÍ;RJ;321931;Filantropia;6131213.00;2043737.67;3452419.38
UNIMED SUDOESTE DE MINAS COOPERATIVA DE TRABALHO MÉDICO;MG;324175;Cooperativa Médica;6091817.00;2030605.67;1410121.62
SOCIEDADE DE ASSISTÊNCIA MÉDICA - SAMEISA;RS;411809;Autogestão;6090840.00;2030280.00;2913234.87
UNIMED VALE DO JAURU COOPERATIVA DE TRABALHO MÉDICO;MT;370975;Cooperativa Médica;6062712.00;2020904.00;1038836.58
PRONTO SOCORRO CONDE DE MOREIRA LIMA;SP;417475;Medicina de Grupo;6036840.00;2012280.00;28641.96
UNIMED DE TATUI - COOPERATIVA DE TRABALHO MÉDICO;SP;361941;Cooperativa Médica;6025138.00;2008379.33;3083323.41
UNIMED DE BARRA MANSA SOC. COOP. SERV.MED.E HOSPIT.;RJ;330264;Cooperativa Médica;6008313.00;2002771.00;1903347.59
UNIMED SUL PAULISTA - COOPERATIVA DE TRABALHO MÉDICO;SP;353027;Cooperativa Médica;5952787.00;1984262.33;964989.25
UNIMED RESENDE COOPERATIVA DE TRABALHO MÉDICO;RJ;330566;Cooperativa Médica;5945122.00;1981707.33;3039082.99
HUMANA SAÚDE NORDESTE LTDA. ;PI;357511;Medicina de Grupo;5915948.00;1971982.67;3307815.19
COOPERATIVA DOS USUÁRIOS DE SERVIÇOS DE SAÚDE LTDA.;RS;406805;Medicina de Grupo;5881145.00;1960381.67;1635761.79
UNIMED PLANALTO MÉDIO/RS - COOPERATIVA DE ASSISTÊNCIA À SAÚDE LTDA.;RS;319384;Cooperativa Médica;5844564.00;1948188.00;1539929.35
UNIMED DE PENAPOLIS - COOPERATIVA DE TRABALHO MEDICO;SP;323004;Cooperativa Médica;5821239.00;1940413.00;2276003.89
OPERADORA UNIESTE DE PLANOS DE SAÚDE LTDA;RJ;354511;Medicina de Grupo;5797918.00;1932639.33;3025333.29
ASSOCIAÇÃO SAÚDE SÃO JOSÉ;SC;418919;Medicina de Grupo;5787935.00;1929311.67;3136770.51
UNIMED VERTENTE DO CAPARAÓ - COOPERATIVA DE TRABALHO MÉDICO LTDA;MG;317896;Cooperativa Médica;5752228.00;1917409.33;3160391.36
CEDPLAN SAÚDE LTDA EPP;MG;418749;Medicina de Grupo;5731993.00;1910664.33;2092756.59
UNIMED APUCARANA COOPERATIVA DE TRABALHO MÉDICO;PR;358096;Cooperativa Médica;5726670.00;1908890.00;2287577.41
INTERMEDICI PIRACICABA ASSISTENCIA MEDICA LTDA;SP;312282;Medicina de Grupo;5683748.00;1894582.67;946839.06
UNIMED OS BANDEIRANTES COOPERATIVA DE TRABALHO MÉDICO;SP;415014;Cooperativa Médica;5664219.00;1888073.00;1657645.12
UNIODONTO DE SÃO JOSÉ DOS CAMPOS COOPERATIVA DE TRABALHO ODONTOLÓGICO;SP;313751;Cooperativa odontológica;5651880.00;1883960.00;2928555.14
ASSOCIAÇÃO DOS SERVIDORES PÚBLICOS DA ADMINISTRAÇÃO DIRETA DO GOVERNO DO ESTADO DO PARÁ - ASPARÁ;PA;419591;Autogestão;5642439.00;1880813.00;2398141.16
COOPERATIVA DE TRABALHO MEDICO REGIÃO DO PLANALTO SERRANO;SC;318213;Cooperativa Médica;5608387.00;1869462.33;1496232.09
FUNDAÇÃO FIAT SAÚDE E BEM ESTAR;MG;418285;Autogestão;5592919.00;1864306.33;2929468.69
UNIMED ITAÚNA COOPERATIVA DE TRABALHO MÉDICO LTDA.;MG;356581;Cooperativa Médica;5569009.00;1856336.33;2013862.66
UNIMED DE ARACATUBA - COOPERATIVA DE TRABALHO MÉDICO;SP;369411;Cooperativa Médica;5559113.00;1853037.67;1753420.90
OESTE SAÚDE ASSISTÊNCIA A SAÚDE SUPLEMENTAR S.A;SP;416738;Medicina de Grupo;5524545.00;1841515.00;517077.04
SAMOC S.A. - SOCIEDADE ASSISTENCIAL MÉDICA E ODONTO CIRÚRGICA;RJ;343676;Medicina de Grupo;5505249.00;1835083.00;2336298.07
UNIMED MACEIO COOPERATIVA DE TRABALHO MÉDICO;AL;327689;Cooperativa Médica;5394951.00;1798317.00;1798348.43
UNIMED DE PIRASSUNUNGA COOPERATIVA DE TRABALHO MÉDICO;SP;314242;Cooperativa Médica;5364835.00;1788278.33;2972181.39
AMHA SAUDE S/A;SP;418587;Medicina de Grupo;5340057.00;1780019.00;1420783.27
HBC SAÚDE LTDA.;SP;414352;Medicina de Grupo;5264539.00;1754846.33;2508790.82
SORRIDEN CONVÊNIOS ODONTOLÓGICOS S.A.;SP;419524;Odontologia de Grupo;5208918.00;1736306.00;1862212.56
UNIMED DE JABOTICABAL COOP. DE TRABALHO MÉDICO;SP;329886;Cooperativa Médica;5206547.00;1735515.67;947141.61
UNIMED DE TAUBATÉ COOPERATIVA DE TRABALHO MÉDICO;SP;363286;Cooperativa Médica;5185663.00;1728554.33;1112897.93
UNIODONTO REGIONAL COOPERATIVA ODONTOLOGICA;MG;344451;Cooperativa odontológica;5087701.00;1695900.33;2558078.58
UNIMED SANTA MARIA/RS - COOPERATIVA DE ASSISTÊNCIA À SAÚDE LTDA;RS;319708;Cooperativa Médica;5059715.00;1686571.67;1876084.98
UNIMED TRÊS PONTAS - COOPERATIVA DE TRABALHO MÉDICO;MG;364070;Cooperativa Médica;4961854.00;1653951.33;1855873.30
UNIMED DE CORUMBA COOPERATIVA DE TRABALHO MÉDICO;MS;344788;Cooperativa Médica;4931634.00;1643878.00;1954497.73
UNIODONTO ESPIRITO SANTO COOPERATIVA ODONTOLOGICA;ES;370711;Cooperativa odontológica;4920981.00;1640327.00;1215239.76
RIO DOCE SAÚDE;ES;421359;Medicina de Grupo;4900330.00;1633443.33;2653036.38
FUNDAÇAO COMPESA DE PREVIDENCIA E ASSISTENCIA - COMPESAPREV;PE;307751;Autogestão;4849660.00;1616553.33;721085.68
PLATINUM ADMINISTRADORA DE BENEFICIOS;DF;418986;Administradora de Benefícios;4814360.00;1604786.67;1679529.93
UNIMED DE SOBRAL SOCIEDADE COOPERATIVA MÉDICA LTDA;CE;303178;Cooperativa Médica;4778140.00;1592713.33;1822855.38
UNIMED CENTRO SUL FLUMINENSE COOPERATIVA DE TRABALHO MÉDICO;RJ;320897;Cooperativa Médica;4777746.00;1592582.00;913792.70
SÃO LUCAS SAÚDE S/A;SP;344362;Medicina de Grupo;4754459.00;1584819.67;2107256.88
UNIMED NORTE/NORDESTE-FEDERAÇÃO INTERFEDERATIVA DAS SOCIEDADES COOPERATIVAS DE TRABALHO MÉDICO EM RECUPERAÇÃO JUDICIAL;PB;324213;Cooperativa Médica;4743564.00;1581188.00;2045015.36
RESOLVE ADMINISTRADORA DE BENEFÍCIOS LTDA;PI;418692;Administradora de Benefícios;4702762.00;1567587.33;727760.26
SAUDIA ASSISTENCIA MÉDICA LTDA;MG;423645;Medicina de Grupo;4677769.00;1559256.33;2554776.81
AMEP FREGUESIA OPERADORA DE PLANO DE SAUDE LTDA;RJ;413330;Medicina de Grupo;4671567.00;1557189.00;627943.40
CABERJ INTEGRAL SAÚDE S.A;RJ;415774;Medicina de Grupo;4657136.00;1552378.67;2225778.82
SUL AMÉRICA ODONTOLÓGICO S/A;SP;417815;Odontologia de Grupo;4616567.00;1538855.67;2229274.32
AMHE MED ASSISTENCIA A SAUDE LTDA - EPP;SP;421731;Medicina de Grupo;4576708.00;1525569.33;2089387.72
UNIMED CHAPECÓ - COOPERATIVA DE TRABALHO MÉDICO DA REGIÃO OESTE CATARINENSE;SC;354295;Cooperativa Médica;4547258.00;1515752.67;463702.41
CAIXA DE ASSISTÊNCIA SISTEMA SAÚDE INTEGRAL-SSI SAUDE;RS;320820;Autogestão;4492976.00;1497658.67;2452288.06
PRONTOMED PLANOS DE SAÚDE LTDA;MG;301728;Medicina de Grupo;4488293.00;1496097.67;2376579.02
UNIMED REGIONAL DE TRES LAGOAS COOPERATIVA DE TRABALHO MÉDICO;MS;342386;Cooperativa Médica;4440833.00;1480277.67;1971922.02
UNIMED JUNDIAI - COOPERATIVA DE TRABALHO MÉDICO;SP;303267;Cooperativa Médica;4404734.00;1468244.67;1210858.21
LIFE EMPRESARIAL SAÚDE LTDA.;SP;414492;Medicina de Grupo;4392690.00;1464230.00;2503810.82
CAIXA DE ASSISTÊNCIA DOS EMPREGADOS DO BANEB;BA;315583;Autogestão;4380610.00;1460203.33;2352707.80
UNIMED VALE DO SÃO FRANCISCO COOPERATIVA DE TRABALHO MÉDICO;PE;323268;Cooperativa Médica;4376268.00;1458756.00;1338708.09
VIDAMAX ADMINISTRADORA DE BENEFÍCIOS LTDA;SP;416789;Administradora de Benefícios;4341461.00;1447153.67;1776381.59
LUMINAR SAÚDE - ASSOCIAÇÃO DE ASSISTÊNCIA À SAÚDE;DF;418374;Autogestão;4328511.00;1442837.00;197726.29
SERVDONTO - PLANO DE ASSISTÊNCIA ODONTOLÓGICA LTDA;SE;414701;Odontologia de Grupo;4316834.00;1438944.67;1631840.60
SIM - CAIXA DE ASSISTÊNCIA À SAÚDE;SC;356476;Autogestão;4316764.00;1438921.33;1477098.58
REAL GRANDEZA - FUNDAÇÃO DE PREVIDÊNCIA E ASSISTÊNCIA SOCIAL;RJ;331317;Autogestão;4238804.00;1412934.67;2387354.05
EVANGELICO SAUDE LTDA.;PR;401480;Medicina de Grupo;4211487.00;1403829.00;2310284.96
UNIMED DE BATATAIS - COOPERATIVA DE TRABALHO MÉDICO;SP;313149;Cooperativa Médica;4137097.00;1379032.33;2347850.22
ASSOCIACAO DE SAUDE HOLAMBRA;SP;360783;Medicina de Grupo;4088388.00;1362796.00;2013636.32
SEPACO SAÚDE LTDA;SP;407224;Medicina de Grupo;4042490.00;2021245.00;2697353.57
UNIMED DO EST. DO RJ FEDERAÇÃO EST. DAS COOPERATIVAS MÉDICAS;RJ;312363;Cooperativa Médica;4000109.00;1333369.67;2053433.34
ASSOCIAÇÃO HOSPITAL SAÚDE DE VARGEM GRANDE DO SUL;SP;421618;Medicina de Grupo;3986153.00;1328717.67;1158755.56
UNIMED SÃO JOÃO NEPOMUCENO COOPERATIVA DE TRABALHO MÉDICO LTDA.;MG;327638;Cooperativa Médica;3923657.00;1307885.67;677537.81
DENTAL GOLD ASSISTÊNCIA ODONTOLÓGICA LTDA.;PB;300730;Odontologia de Grupo;3830633.00;1276877.67;1943207.99
CAIXA DE ASSISTÊNCIA DOS EMPREGADOS DA SANEAGO;GO;363855;Autogestão;3789927.00;1263309.00;1602128.09
UNIMED DE LIMEIRA COOPERATIVA DE TRABALHO MÉDICO;SP;301574;Cooperativa Médica;3785898.00;1261966.00;888703.63
ASSOCIACAO CIVIL PRÓ-SAÚDE DOS SERVIDORES DA UNIVERSIDADE ESTADUAL DE PONTA GROSSA;PR;409634;Medicina de Grupo;3783413.00;1261137.67;688940.98
PLANO DE SAÚDE DA SANTA CASA DE BRAGANÇA PAULISTA;SP;420166;Medicina de Grupo;3759734.00;1253244.67;773675.79
PROMÉDICA - PROTEÇÃO MEDICA A EMPRESAS S.A.;BA;326861;Medicina de Grupo;3746193.00;1248731.00;969016.79
UNIMED MACHADO COOPERATIVA DE TRABALHO MEDICO;MG;354678;Cooperativa Médica;3734063.00;1244687.67;2121255.49
VALEM ADMINISTRADORA DE BENEFÍCIOS LTDA;MG;417301;Administradora de Benefícios;3714371.00;1238123.67;1842666.82
BRADESCO SAÚDE - OPERADORA DE PLANOS  S/A;SP;421715;Medicina de Grupo;3690620.00;1845310.00;1291085.06
ASSOCIAÇÃO MAIS SAÚDE SANTA CASA DE SÃO JOÃO DA BOA VISTA;SP;419150;Medicina de Grupo;3678177.00;1226059.00;488336.88
UNIODONTO DE PRESIDENTE PRUDENTE COOPERATIVA ODONTOLOGICA;SP;336017;Cooperativa odontológica;3606273.00;1202091.00;1869506.90
CENTRO HOSPITALAR ATIBAIA LTDA.;SP;350699;Medicina de Grupo;3575764.00;1191921.33;611682.18
UNIMED DE MANAUS COOP. DO TRABALHO MÉDICO LTDA;AM;311961;Cooperativa Médica;3567025.00;1189008.33;300963.58
2CARE OPERADORA DE SAÚDE LTDA.;SP;421421;Medicina de Grupo;3544809.00;1181603.00;924648.23
ASSISTÊNCIA MÉDICA 12 DE OUTUBRO LTDA;SP;423912;Medicina de Grupo;3522155.00;1174051.67;658851.57
VIVER SAUDE LTDA;RN;424480;Medicina de Grupo;3521658.00;3521658.00;0.00
UNIMED INTRAFEDERATIVA FEDERAÇÃO REGIONAL SUL DE MINAS;MG;320838;Cooperativa Médica;3505967.00;1168655.67;1002123.96
BLUZZ SAÚDE S/A;ES;424170;Medicina de Grupo;3462921.00;1154307.00;216418.78
EXCELÊNCIA PLANO DE SAÚDE S/A;ES;421642;Medicina de Grupo;3322386.00;1107462.00;748007.38
ASSOCIAÇÃO DE ASSISTÊNCIA À SAÚDE DOS EMPREGADOS DA COPASA;MG;416568;Autogestão;3316629.00;1105543.00;797000.78
ASSOCIAÇÃO ASSISTENCIAL DE SAÚDE SUPLEMENTAR CRUZ AZUL SAÚDE;SP;411752;Medicina de Grupo;3297019.00;1099006.33;961248.34
COMSEDER - COOPERATIVA DE ASSISTÊNCIA MÉDICA DOS SERVIDORES DA SUPLAN E DO DER LTDA;PB;390259;Autogestão;3231026.00;1077008.67;632003.47
UNIMED DO OESTE DA BAHIA COOPERATIVA DE TRABALHO MÉDICO;BA;325082;Cooperativa Médica;3227967.00;1075989.00;823789.64
ARL ADMINISTRADORA DE BENEFÍCIOS LTDA.;SP;422941;Administradora de Benefícios;3213244.00;1071081.33;89893.00
AGROS - INSTITUTO UFV DE SEGURIDADE SOCIAL;MG;368920;Autogestão;3190323.00;1063441.00;1766929.86
MEDGOLD ASSISTENCIA MEDICA LTDA - ME;MG;419753;Medicina de Grupo;3180330.00;1060110.00;1339468.32
UNIMED DE SÃO ROQUE - COOPERATIVA DE TRABALHO MÉDICO;SP;318388;Cooperativa Médica;3179889.00;1059963.00;1545518.99
SEMPRE ODONTO PLANOS ODONTOLOGICOS LTDA;RJ;414654;Odontologia de Grupo;3142043.00;1047347.67;1426161.53
UNIMED DE PARANAVAÍ COOPERATIVA DE TRABALHO MÉDICO;PR;320862;Cooperativa Médica;3138069.00;1046023.00;936934.04
ASSOCIAÇÃO SANTA CASA SAÚDE DE SÃO JOSÉ DOS CAMPOS;SP;419249;Medicina de Grupo;3097506.00;1032502.00;1788242.00
IRMANDADE DA SANTA CASA DE MISERICORDIA DE LIMEIRA;SP;319422;Filantropia;3037208.00;1012402.67;536651.34
UNIODONTO DE AMERICANA COOPERATIVA ODONTOLÓGICA;SP;347604;Cooperativa odontológica;3010713.00;1003571.00;558111.65
UNIMED DE BOTUCATU COOPERATIVA DE TRABALHO MÉDICO;SP;304883;Cooperativa Médica;2992474.00;997491.33;1505602.53
UNIMED CENTRO PAULISTA - FEDERAÇÃO INTRAFEDERATIVA DAS COOPERATIVAS MÉDICAS;SP;414573;Cooperativa Médica;2829731.00;943243.67;1376806.23
MUITO MAIS SAÚDE ADMINISTRADORA DE BENEFÍCIOS;RJ;420140;Administradora de Benefícios;2829670.00;943223.33;1622642.93
UNIODONTO DE SOROCABA COOPERATIVA ODONTOLÓGICA;SP;334243;Cooperativa odontológica;2824109.00;941369.67;957003.34
TRINO - ALIANCA FILANTRÓPICA DE ASSISTÊNCIA E INTEGRAÇÃO PARA O DESENVOLVIMENTO DA SAUDE;ES;422827;Medicina de Grupo;2812250.00;937416.67;1323768.15
UNIODONTO DE ARARAQUARA COOPERATIVA ODONTOLÓGICA;SP;316997;Cooperativa odontológica;2801263.00;933754.33;494702.27
UNIMED REGIÃO DA FRONTEIRA - RS COOPERATIVA DE ASSISTÊNCIA À SAÚDE LTDA.;RS;328375;Cooperativa Médica;2767120.00;922373.33;357581.93
FUNDAÇÃO AFFEMG DE ASSISTÊNCIA E SAÚDE - FUNDAFFEMG;MG;315567;Autogestão;2696353.00;898784.33;1428235.92
ASSOCIAÇÃO DOS SERVIDORES FISCAIS DO ESTADO DA BAHIA;BA;335754;Autogestão;2671210.00;890403.33;1067726.72
AMPARA ASSISTÊNCIA MÉDICA PARAÍSO LTDA;MG;325465;Medicina de Grupo;2652998.00;884332.67;449913.15
QUALI ADMINISTRADORA DE BENEFÍCIOS S/A;ES;420999;Administradora de Benefícios;2629191.00;2629191.00;0.00
ASSOCIAÇÃO POLICIAL DE ASSISTÊNCIA À SAÚDE - VALE DO RIBEIRA;SP;409405;Autogestão;2617072.00;872357.33;1309169.98
PORTO DIAS SAUDE LTDA.;PA;415081;Medicina de Grupo;2607102.00;869034.00;1453756.62
SANTA CASA DE MISERICÓRDIA DE TUPÃ;SP;306045;Filantropia;2600954.00;866984.67;1399507.80
UNIMED INCONFIDENTES COOPERATIVA DE TRABALHO MÉDICO LTDA.;MG;304395;Cooperativa Médica;2597998.00;865999.33;666386.50
ASSOCIAÇÃO DR. BARTHOLOMEU TACCHINI;RS;342556;Filantropia;2596919.00;865639.67;1072546.45
UNIMED DE JATAÍ COOPERATIVA DE TRABALHO MÉDICO LTDA.;GO;334847;Cooperativa Médica;2550152.00;850050.67;931943.93
OPERADORA DE PLANOS PRIVADOS DE SAÚDE - SANTA CASA SAÚDE LTDA;MS;419699;Medicina de Grupo;2517352.00;839117.33;660963.54
UNIMED JOAO PESSOA - COOPERATIVA DE TRABALHO MÉDICO;PB;321044;Cooperativa Médica;2500141.00;833380.33;701633.25
SÃO DOMINGOS SAÚDE- ASSISTÊNCIA MÉDICA  LTDA;SP;319180;Medicina de Grupo;2483367.00;827789.00;409880.44
UNIMED SAÚDE E ODONTO S.A;SP;416801;Medicina de Grupo;2464134.00;821378.00;595104.29
QV BENEFÍCIOS EM SAÚDE LTDA;RJ;419389;Administradora de Benefícios;2396004.00;798668.00;444972.47
PLADISA PLANOS DE SAÚDE SA;SC;419486;Medicina de Grupo;2390014.00;796671.33;317137.39
SD-M OPERADORA DE PLANOS DE SAUDE LTDA;RJ;421634;Medicina de Grupo;2368443.00;789481.00;48294.33
UNIMED TRÊS RIOS COOPERATIVA DE TRABALHO MÉDICO;RJ;337498;Cooperativa Médica;2327444.00;775814.67;69878.67
HOSPITAL S.P. LTDA.;RS;363189;Medicina de Grupo;2306426.00;768808.67;609030.55
UNIMED REGIÃO DA PRODUÇÃO/RS - COOPERATIVA DE ASSISTÊNCIA À SAÚDE LTDA;RS;353698;Cooperativa Médica;2272277.00;757425.67;529200.92
UNIMED BLUMENAU - COOPERATIVA DE TRABALHO MEDICO;SC;334561;Cooperativa Médica;2254775.00;751591.67;755183.31
UNIMED COSTA OESTE - COOPERATIVA DE TRABALHO MÉDICO;PR;371106;Cooperativa Médica;2235562.00;745187.33;593606.02
UNIMED DE UBA COOPERATIVA DE TRABALHO MEDICO;MG;362573;Cooperativa Médica;2189841.00;729947.00;747205.63
UNICOR ADMINISTRADORA DE BENEFICIOS LTDA;MG;423041;Administradora de Benefícios;2175052.00;725017.33;782641.23
HSMED SAUDE LTDA;RJ;342955;Medicina de Grupo;2143492.00;714497.33;939641.61
UNIMED CURVELO COOPERATIVA DE TRABALHO MÉDICO LTDA.;MG;330108;Cooperativa Médica;2137745.00;712581.67;201814.59
SUPERMED ADMINISTRADORA DE BENEFÍCIOS LTDA.;RJ;421405;Administradora de Benefícios;2118880.00;706293.33;1029549.31
FUNDACAO LEONOR DE BARROS CAMARGO;SP;410292;Filantropia;2087640.00;695880.00;1193616.83
UNIMED DE LINS - COOPERATIVA DE TRABALHOS MÉDICOS;SP;354279;Cooperativa Médica;2079562.00;693187.33;868703.49
AURORA SAÚDE LTDA;MG;423629;Medicina de Grupo;2063334.00;687778.00;972016.64
ASSOCIAÇÃO DOS AUDITORES FISCAIS DO ESTADO DA PARAÍBA - AFRAFEP;PB;330281;Autogestão;2019238.00;673079.33;729644.36
ASSOCIAÇÃO DO PLANO DE SAÚDE DA SANTA CASA DE MISERICÓRDIA DE ITABUNA - PLANSUL;BA;420000;Medicina de Grupo;2018295.00;672765.00;328519.40
PLANO ODONTOLÓGICO DENTALVIDAS LTDA.;SP;415936;Odontologia de Grupo;2011745.00;670581.67;258706.94
PREVENT SENIOR CORPORATE OPERADORA DE SAÚDE LTDA.;SP;413267;Medicina de Grupo;1998534.00;1998534.00;0.00
EXTRAMED ADMINISTRAÇÃO E SERVIÇOS MÉDICOS LTDA;PR;414204;Administradora de Benefícios;1995993.00;665331.00;348087.51
UNIMED PONTE NOVA COOPERATIVA DE TRABALHO MEDICO LTDA;MG;343722;Cooperativa Médica;1985326.00;661775.33;938805.53
BIOVIDA SAÚDE LTDA.;SP;415111;Medicina de Grupo;1955011.00;651670.33;49242.82
ASSOCIAÇÃO POLICIAL DE ASSISTÊNCIA À SAÚDE DE BAURU;SP;406945;Autogestão;1943307.00;647769.00;697325.78
UNIMED DO SUDOESTE COOPERATIVA DE TRABALHO MEDICO LTDA;BA;350371;Cooperativa Médica;1914915.00;638305.00;882132.95
ASSOCIAÇÃO SANTA CASA CLÍNICAS DE BIRIGUI;SP;420786;Medicina de Grupo;1893237.00;631079.00;709669.70
FUNDAÇÃO LIBERTAS DE SEGURIDADE SOCIAL;MG;378216;Autogestão;1850738.00;616912.67;726997.93
TOTAL ASSISTÊNCIA MÉDICA HOSPITALAR LTDA;MG;423548;Medicina de Grupo;1848373.00;616124.33;352376.90
UNIMED DE SAO JOSÉ DO RIO PARDO-COOP. DE TRAB. MÉDICO;SP;354619;Cooperativa Médica;1826027.00;608675.67;383261.79
UNIBEN ADMINISTRADORA DE BENEFÍCIOS LTDA;MG;418528;Administradora de Benefícios;1823162.00;607720.67;444078.32
UNIMED VILHENA - COOPERATIVA DE TRABALHO MEDICO LTDA;RO;342131;Cooperativa Médica;1795150.00;598383.33;557306.38
PLAMER PLANO MEDICO RESENDE LTDA;RJ;324299;Medicina de Grupo;1786879.00;595626.33;752789.80
BENSAUDE PLANO DE ASSISTENCIA MEDICA HOSPITALAR LTDA.;SP;366561;Medicina de Grupo;1785671.00;595223.67;308890.29
UNIMED FEDERAÇAO DO ESTADO DO MATO GROSSO;MT;328031;Cooperativa Médica;1765982.00;588660.67;891505.03
ASSOCIAÇÃO POLICIAL DE ASSISTÊNCIA A SAÚDE DA BAIXADA SANTISTA;SP;410110;Autogestão;1750505.00;583501.67;710340.38
CLINIPAM CLINICA PARANAENSE DE ASSISTENCIA MEDICA LTDA;CE;340782;Medicina de Grupo;1746587.00;582195.67;590592.95
CAIXA DE ASSISTÊNCIA DO SINDFISCO - CASSIND;SE;413518;Autogestão;1746096.00;582032.00;480107.26
FUNDAÇÃO PLAMHUV - PLANO MÉDICO HOSPITALAR DOS HOSPITAIS UNIDOS DE VIÇOSA;MG;418501;Medicina de Grupo;1745923.00;581974.33;713188.77
UNIMED DE CIANORTE - COOPERATIVA DE TRABALHO MEDICO ;PR;354627;Cooperativa Médica;1734358.00;578119.33;189651.78
ASSOCIAÇÃO POLICIAL DE ASSISTÊNCIA À SAÚDE;SP;410128;Autogestão;1721537.00;573845.67;229849.49
SV SAUDE ADMINSTRADORES DE PLANO DE SAUDE LTDA;RJ;412252;Medicina de Grupo;1717136.00;572378.67;275238.95
FUNDAÇÃO COPEL DE PREVIDÊNCIA E ASSISTÊNCIA SOCIAL;PR;355151;Autogestão;1714353.00;571451.00;478222.66
UNIODONTO DE MATO GROSSO COOP TRAB ODONTOLOGICO LTDA;MT;343404;Cooperativa odontológica;1706701.00;568900.33;357523.29
ORALE ASSISTÊNCIA ODONTOLÓGICA LTDA;BA;412996;Odontologia de Grupo;1705799.00;568599.67;298580.50
UP HEALTH ADMINISTRADORA DE BENEFÍCIOS S/A;ES;422126;Administradora de Benefícios;1692599.00;564199.67;178570.27
UNIMED DE PINDAMONHANGABA - COOPERATIVA TRABALHO MEDICO;SP;342343;Cooperativa Médica;1692480.00;564160.00;480151.28
SUL DO PARÁ LTDA;PA;423718;Medicina de Grupo;1651639.00;550546.33;490214.89
AMPLA PLANOS DE SAUDE LTDA;RJ;422720;Medicina de Grupo;1633077.00;816538.50;1065132.62
IRMANDADE SANTA CASA DE MISERICÓRDIA DE MARINGÁ;PR;336831;Filantropia;1613059.00;537686.33;619382.13
KLINI PLANOS DE SAÚDE LTDA;RJ;422029;Medicina de Grupo;1590163.00;530054.33;224845.76
ANGELI SISTEMAS DE SAUDE S.A.;PR;421871;Medicina de Grupo;1567873.00;522624.33;182896.40
IRMANDADE DA SANTA CASA DE MISERICÓRDIA E MATERNIDADE DONA ZILDA SALVAGNI;SP;321320;Filantropia;1563028.00;521009.33;641173.29
ODONTOART PLANOS ODONTOLÓGICOS LTDA;CE;414387;Odontologia de Grupo;1557385.00;519128.33;552602.41
UNIMED VALE DAS ANTAS, RS - COOPERATIVA DE ASSISTÊNCIA À SAÚDE LTDA.;RS;335541;Cooperativa Médica;1556697.00;518899.00;500829.54
RODRIGUES LEIRA ODONTOLOGIA LTDA.;SP;415243;Odontologia de Grupo;1538261.00;512753.67;391959.91
BENEVIX ADMINISTRADORA DE BENEFÍCIOS LTDA;ES;417718;Administradora de Benefícios;1537296.00;512432.00;308334.51
UNIMED TRÊS CORAÇÕES COOPERATIVA DE TRABALHO MÉDICO LTDA.;MG;359033;Cooperativa Médica;1511827.00;503942.33;102062.60
UNIMED DE BRUSQUE COOPERATIVA DE TRABALHO MÉDICO;SC;348244;Cooperativa Médica;1479137.00;493045.67;233802.17
NACIONAL ODONTO OPERADORA DE PLANOS ODONTOLÓGICOS LTDA.;PE;304441;Odontologia de Grupo;1438991.00;479663.67;234398.19
PLANO DE SAUDE ASES LTDA.;RJ;411582;Medicina de Grupo;1425792.00;475264.00;235627.82
ASSOCIAÇÃO DE SAÚDE DOS FORNECEDORES DE CANA DE PIRACICABA E REGIÃO;SP;418731;Medicina de Grupo;1415383.00;471794.33;338394.27
PLANO DE ASSISTÊNCIA MÉDICA MINEIRA LTDA;MG;382281;Medicina de Grupo;1413164.00;471054.67;53907.08
UNIMED MARANHÃO DO SUL - COOPERATIVA DE TRABALHO MÉDICO;MA;352543;Cooperativa Médica;1412354.00;470784.67;306068.62
ASSOCIAÇÃO VALEPARAIBANA DE ASSISTÊNCIA MÉDICA POLICIAL;SP;412635;Autogestão;1400632.00;700316.00;233055.32
UNIMED DE OURINHOS - COOPERATIVA DE TRABALHO MÉDICO;SP;311294;Cooperativa Médica;1391707.00;463902.33;641891.75
UNIODONTO VALE HISTORICO COOPERATIVA ODONTOLOGICA;SP;382655;Cooperativa odontológica;1390791.00;463597.00;655507.73
UNIODONTO DE FORTALEZA COOPERATIVA DE TRABALHO ODONTOLOGICO LTDA;CE;335258;Cooperativa odontológica;1386983.00;462327.67;717745.49
BEST SENIOR OPERADORA DE SAÚDE LTDA;ES;421766;Medicina de Grupo;1377141.00;459047.00;778454.34
ASSISTÊNCIA MÉDICA SÃO MIGUEL LTDA;SP;325236;Medicina de Grupo;1373675.00;457891.67;454394.67
SANTA CASA DE MISERICÓRDIA DE VOTUPORANGA;SP;330116;Filantropia;1365197.00;455065.67;145077.17
UNIMED SALTO/ITU - COOPERATIVA MÉDICA;SP;346276;Cooperativa Médica;1358235.00;452745.00;299879.58
UNIMED PONTAL DO TRIÂNGULO - COOPERATIVA DE TRABALHO MÉDICO;MG;353876;Cooperativa Médica;1356223.00;452074.33;190112.61
DENTALPAR ASSISTÊNCIA ODONTOLÓGICA EMPRESARIAL LTDA.;SP;322890;Odontologia de Grupo;1332275.00;444091.67;212849.09
SELECT OPERADORA DE PLANO DE SAUDE LTDA;GO;358053;Medicina de Grupo;1319535.00;439845.00;227588.51
TECBEN ADMINISTRADORA DE BENEFICIOS LTDA.;SP;421740;Administradora de Benefícios;1308751.00;436250.33;346150.99
UNIODONTO JACAREÍ COOPERATIVA ODONTOLÓGICA;SP;343056;Cooperativa odontológica;1305399.00;435133.00;556224.69
FUNASA SAÚDE;PB;370592;Medicina de Grupo;1292179.00;430726.33;231999.34
UNIMED NOROESTE FLUMINENSE - COOPERATIVA DE TRABALHO MÉDICO LTDA;RJ;360414;Cooperativa Médica;1287038.00;429012.67;694367.53
UNIMED VARGINHA COOPERATIVA DE TRABALHO MÉDICO;MG;344729;Cooperativa Médica;1264929.00;421643.00;140208.75
UNIODONTO GOIANIA COOPERATIVA DE CIRURGIÕES DENTISTAS;GO;358436;Cooperativa odontológica;1264895.00;421631.67;332166.27
FEDERAÇÃO DAS COOP ODONTOLÓGICAS DO ESTADO DE SANTA CATARINA;SC;415626;Cooperativa odontológica;1253441.00;417813.67;532170.20
UNIMED SÃO JOÃO DEL REI - COOPERATIVA DE TRABALHO MÉDICO;MG;323926;Cooperativa Médica;1248215.00;416071.67;333124.43
PESSOAL SAÚDE PLANOS DE ASSISTÊNCIA MÉDICA LTDA;SP;310239;Medicina de Grupo;1246055.00;415351.67;110982.67
DENTAL CENTER LTDA;PB;339458;Odontologia de Grupo;1222241.00;407413.67;366304.23
UNIMED GUARAPUAVA COOPERATIVA DE TRABALHO MÉDICO;PR;322571;Cooperativa Médica;1211517.00;403839.00;235545.58
UNIMED ALTO PARANAIBA COOPERATIVA DE TRABALHO MEDICO;MG;341819;Cooperativa Médica;1207272.00;402424.00;450163.67
ASSOCIAÇÃO POLICIAL DE ASSISTÊNCIA À SAÚDE DE RIBEIRÃO PRETO (APAS);SP;408794;Autogestão;1207144.00;402381.33;329857.75
UNIMED LAVRAS COOPERATIVA DE TRABALHO MÉDICO;MG;345458;Cooperativa Médica;1196302.00;398767.33;321047.26
PLAMESC PLANOS DE SAÚDE LTDA;RJ;419974;Medicina de Grupo;1154510.00;384836.67;102547.15
ASSOCIAÇAO UNISAUDE MARAU;RS;333867;Medicina de Grupo;1150888.00;383629.33;139406.18
PLANO ASSISTENCIAL SÃO LUCAS LTDA;MG;363391;Medicina de Grupo;1147747.00;382582.33;457209.23
SANTA CASA DE SAÚDE - SCS;ES;420085;Medicina de Grupo;1146473.00;382157.67;210703.92
COOPERATIVA ODONTOLÓGICA DO ESTADO DO AMAPÁ;AP;365785;Cooperativa odontológica;1143275.00;381091.67;236965.43
AIRES OPERADORA DE SAUDE LTDA;PE;424285;Medicina de Grupo;1137188.00;379062.67;272897.75
SERMED-SAÚDE LTDA.;SP;303739;Medicina de Grupo;1131783.00;377261.00;310382.10
UNIMED DE ADAMANTINA-COOPERATIVA DE TRABALHO MÉDICO;SP;311944;Cooperativa Médica;1102897.00;367632.33;520018.23
LANCERS ADMINISTRADORA DE BENEFÍCIOS DE SAÚDE LTDA.;SP;419095;Administradora de Benefícios;1102211.00;367403.67;162411.30
UNIMED PATOS - COOPERATIVA DE TRABALHO MÉDICO;PB;336467;Cooperativa Médica;1093158.00;364386.00;271682.88
UNIMED VALE DO PIQUIRI-COOPERATIVA DE TRABALHO MÉDICO VALE DO PIQUIRI ;PR;308811;Cooperativa Médica;1072401.00;357467.00;546989.22
BIORAL SISTEMA ODONTOLÓGICO LTDA.;SP;419079;Odontologia de Grupo;1065370.00;355123.33;475060.59
HOSPITAL DE CARIDADE SÃO VICENTE DE PAULO;PR;420930;Filantropia;1038755.00;346251.67;16079.20
UNIODONTO DE CAMPINAS COOPERATIVA ODONTOLÓGICA;SP;350494;Cooperativa odontológica;1024509.00;341503.00;504236.34
UNIMED VALE DO URUCUIA - COOPERATIVA DE TRABALHO MEDICO LTDA;MG;311057;Cooperativa Médica;1020318.00;340106.00;481307.46
ASSOCIAÇÃO GOIANA DO MINISTÉRIO PÚBLICO;GO;402206;Autogestão;1019605.00;339868.33;160503.65
LIVRI OPERADORA DE PLANO DE SAÚDE LTDA;SP;422479;Medicina de Grupo;1016161.00;338720.33;290192.68
UNIODONTO DE JOÃO PESSOA COOPERATIVA ODONTOLÓGICA;PB;361569;Cooperativa odontológica;1009789.00;336596.33;577174.83
UNIODONTO DE SC COOPERATIVA ADMINISTRADORA DE CONTRATOS;SC;342203;Cooperativa odontológica;1008903.00;504451.50;643077.56
CAIXA DE ASSISTÊNCIA DOS EMPREGADOS DO BANESE;SE;335789;Autogestão;1008589.00;336196.33;134511.18
FUNDACAO CAPITAL PREVIDENCIA E SAUDE - CAPITAL PREV;ES;329665;Autogestão;1006312.00;503156.00;46097.71
ASSOCIAÇÃO POLICIAL DE ASSISTÊNCIA À SAÚDE;SP;406937;Autogestão;1005087.00;335029.00;193963.82
UNIODONTO RS FEDERACAO DAS UNIODONTOS DO RGS LTDA;RS;305421;Cooperativa odontológica;995237.00;331745.67;157396.86
UNIODONTO DE PINDAMONHANGABA COOP ODONTOLOGICA;SP;331104;Cooperativa odontológica;980724.00;326908.00;229617.09
IBBCA 2008 GESTÃO EM SAÚDE LTDA;RJ;417050;Administradora de Benefícios;975152.00;325050.67;257307.65
VOCÊ CLUBE DE BENEFÍCIOS SOCIAIS, SAÚDE E ODONTOLÓGICO LTDA;SP;417122;Administradora de Benefícios;973800.00;324600.00;329570.61
INTERCLINICAS PLANO VIDA USA OPERADORA DE SAUDE LTDA;SP;420841;Medicina de Grupo;973388.00;324462.67;377444.27
VIDA TOP MAIS SAÚDE OPERADORA DE PLANOS DE SAÚDE LTDA.;SP;422835;Medicina de Grupo;961277.00;320425.67;299685.21
UNIODONTO UBERABA - COOPERATIVA DE ASSISTÊNCIA À SAÚDE ODONTOLÓGICA LTDA;MG;370568;Cooperativa odontológica;925083.00;308361.00;147084.29
CARE PLUS ODONTOLOGIA ASSISTENCIAL LTDA.;SP;389358;Odontologia de Grupo;924073.00;308024.33;352476.90
NOVA SAÚDE OPERADORA INTEGRADA DE SAÚDE LTDA;RJ;423661;Medicina de Grupo;921750.00;307250.00;270447.85
SULMED - ASSISTÊNCIA MÉDICA LTDA;RS;338346;Medicina de Grupo;921654.00;307218.00;337419.81
Operadora 351792;N/D;N/D;Desconhecida;917934.00;458967.00;250815.02
POLI SAUDE OPERADORA DE PLANO DE SAUDE LTDA;PR;351270;Medicina de Grupo;916918.00;305639.33;442087.71
UNIMED DE LENÇOIS PAULISTA - COOPERATIVA DE TRABALHO MÉDICO;SP;325031;Cooperativa Médica;915091.00;305030.33;367309.57
ODONT-OPERADORA ODONTOLOGICA LTDA;SP;422088;Odontologia de Grupo;908617.00;302872.33;237612.28
SOCIEDADE PORTUGUESA DE BENEFICÊNCIA;RS;413372;Filantropia;889232.00;296410.67;133670.31
ASSOCIAÇÃO FCA SAÚDE;MG;422053;Autogestão;881940.00;293980.00;195035.53
VALE PLANOS DE SAÚDE LTDA;PE;424048;Medicina de Grupo;878557.00;292852.33;435957.88
UNIODONTO DE SERTAOZINHO SP COOPERATIVA ODONTOLOGICA;SP;373109;Cooperativa odontológica;862527.00;431263.50;132208.46
ASSOCIAÇÃO DE SAÚDE PORTUGUESA DE BENEFICÊNCIA;SP;417530;Medicina de Grupo;859854.00;286618.00;458304.16
QUALITY GOLD SAÚDE ADMINISTRADORA DE PLANOS DE SAÚDE LTDA-ME;RJ;421243;Administradora de Benefícios;850700.00;283566.67;11110.17
CAIXA DE ASSISTÊNCIA À SAUDE DOS EMPREGADOS DA CODEVASF - CASEC;DF;412295;Autogestão;845969.00;281989.67;481546.36
FUNDAÇÃO FILANTRÓPICA E BENEFICENTE DE SAÚDE ARNALDO GAVAZZA FILHO;MG;323942;Filantropia;834993.00;278331.00;190095.39
MEDIC GLOBAL PLANOS DE SAÚDE LTDA.;MG;411868;Medicina de Grupo;805518.00;268506.00;206388.06
CONFIANÇA ASSISTÊNCIA MÉDICO HOSPITALAR LTDA;MG;410624;Medicina de Grupo;775749.00;258583.00;268482.03
FUNDAÇÃO DE SAÚDE ITAIGUAPY;PR;311359;Medicina de Grupo;766433.00;255477.67;407505.17
DENTAL PLUS CONVÊNIO ODONTOLÓGICO LTDA.;SP;314366;Odontologia de Grupo;760881.00;253627.00;174605.84
CAMIM OPERADORA DE PLANO DE SAÚDE LTDA;RJ;319872;Medicina de Grupo;749637.00;249879.00;290863.06
PRESERVE SAUDE ASSISTENCIA MEDICA LTDA;BA;422959;Medicina de Grupo;745047.00;248349.00;117358.39
UNIMED PLANALTO CENTRAL/RS - COOPERATIVA DE ASSISTÊNCIA  À SAÚDE LTDA.;RS;362832;Cooperativa Médica;743828.00;371914.00;194158.79
UNIMED DO CEARÁ - FEDERAÇÃO DAS SOCIEDADES COOPERATIVAS MÉDICAS DO ESTADO DO CEARÁ LTDA.;CE;321958;Cooperativa Médica;722069.00;240689.67;224123.83
CENTRO DE ENDOCRINOLOGIA DE JUNDIAÍ S/S LTDA;SP;415910;Medicina de Grupo;718672.00;239557.33;142607.90
UNIMED DE ANDRADINA - COOPERATIVA DE TRABALHO MÉDICO;SP;303844;Cooperativa Médica;714127.00;238042.33;169299.28
ESPLENDOR ADMINISTRADORA DE BENEFÍCIOS LTDA.;DF;422576;Administradora de Benefícios;708128.00;236042.67;82764.20
ASSOCIAÇÃO DOS FUNCIONÁRIOS FISCAIS DO ESTADO DO AMAZONAS - AFFEAM;AM;388092;Autogestão;704768.00;234922.67;217576.90
VIVACOM PLANOS DE SAÚDE;GO;361461;Autogestão;704255.00;234751.67;240502.05
BIO SAÚDE SERVIÇOS MÉDICOS LTDA;SP;402966;Medicina de Grupo;704072.00;234690.67;340022.52
Operadora 346870;N/D;N/D;Desconhecida;700622.00;700622.00;0.00
SERVIX ADMINISTRADORA DE BENEFÍCIOS LTDA;DF;417602;Administradora de Benefícios;697285.00;232428.33;94122.60
AME VVIDA PLANOS DE SAUDE INTEGRADO LTDA.;RO;423351;Medicina de Grupo;683494.00;227831.33;115873.58
ASSOC DE ASSIST À SAÚDE DOS SERV DAS UNIV E INST FED, EST E/OU FAC PART EM PE;PE;423432;Autogestão;678700.00;226233.33;126292.44
SMART CARE SISTEMAS MÉDICOS E ODONTOLÓGICOS LTDA.;SP;420051;Odontologia de Grupo;665212.00;332606.00;17826.16
UNIMED NOROESTE DE MINAS COOPERATIVA DE TRABALHO MEDICO LTDA;MG;315494;Cooperativa Médica;659616.00;219872.00;214835.59
MH VIDA - OPERADORA DE PLANOS DE SAÚDE LTDA;RJ;412015;Medicina de Grupo;651094.00;217031.33;101768.54
G & M ASSESSORIA MEDICA EMPRESARIAL LTDA;RJ;409286;Medicina de Grupo;647577.00;215859.00;249691.86
IRMANDADE DA SANTA CASA DE MISERICÓRDIA DE RIO CLARO;SP;347655;Filantropia;646947.00;215649.00;133436.47
NEXO - ADMINISTRADORA DE BENEFICIOS LTDA;SP;421146;Administradora de Benefícios;646583.00;215527.67;181268.48
EVO SAUDE ASSISTENCIA MEDICA LTDA;DF;423700;Medicina de Grupo;642861.00;214287.00;78530.62
ASSOCIACAO DOS PROFESSORES UNIVERSITÁRIOS DA BAHIA;BA;343129;Autogestão;630701.00;210233.67;154813.52
DENTAL MASTER LTDA - EPP;AL;413747;Odontologia de Grupo;629942.00;209980.67;90794.15
ASSOCIAÇÃO POLICIAL DE ASSISTÊNCIA À SAÚDE DE BARRETOS;SP;407569;Autogestão;622755.00;207585.00;164900.10
ASSOCIAÇÃO POLICIAL DE ASSISTÊNCIA À SAÚDE APAS;SP;423203;Autogestão;620754.00;206918.00;158350.93
IRMANDADE DE MISERICÓRDIA DO HOSPITAL DA SANTA CASA DE MONTE ALTO;SP;333808;Filantropia;617389.00;205796.33;3938.25
INFINITY SAÚDE SUPLEMENTAR LTDA;MT;423564;Medicina de Grupo;612928.00;204309.33;150580.85
A.P.S. ADMINISTRADORA DE BENEFÍCOS LTDA.;SP;418030;Administradora de Benefícios;609696.00;203232.00;91608.15
COOPERATIVA DE TRABALHO ODONTOLOGICO - UNIODONTO ITAJUBÁ;MG;419028;Cooperativa odontológica;606326.00;202108.67;229144.03
UNIDENTIS ASSISTENCIA ODONTOLOGICA LTDA.;PB;413429;Odontologia de Grupo;603606.00;201202.00;84432.36
UNIMED VALE DO PARAÍBA - FEDERAÇÃO INTRAFEDERATIVA DAS COOPERATIVAS MÉDICAS;SP;334511;Cooperativa Médica;602772.00;200924.00;162209.89
UNIMED VALE DO CARANGOLA COOPERATIVA DE TRABALHO MEDICO LTDA;MG;337561;Cooperativa Médica;600744.00;200248.00;234171.99
CEAM BRASIL - PLANOS DE SAÚDE LTDA;MG;311472;Medicina de Grupo;584087.00;584087.00;0.00
CAIXA DE ASSISTÊNCIA DOS SERVIDORES FAZENDÁRIOS ESTADUAIS;CE;359122;Autogestão;573612.00;191204.00;101181.18
UNIMED VALE DO CORUMBÁ COOPERATIVA DE TRABALHO MEDICO;GO;302228;Cooperativa Médica;568821.00;189607.00;173701.53
ANAFE SAUDE;GO;423319;Autogestão;561000.00;187000.00;106164.97
BRASILDENTAL OPERADORA DE PLANOS ODONTOLÓGICOS S.A.;SP;419419;Odontologia de Grupo;552302.00;184100.67;131591.99
CAIXA DE ASSISTENCIA DOS SERVIDORES DO ESTADO DE MATO GROSSO DO SUL;MS;413534;Autogestão;541149.00;180383.00;166508.61
OPERADORA UNICENTRAL DE PLANOS DE SAÚDE LTDA.;SP;318477;Medicina de Grupo;533318.00;177772.67;294246.21
ASSOCIAÇÃO BENEFICENTE DE ASSISTÊNCIA A SAÚDE DOS JUÍZES DO TRABALHO DA 15ª REGIÃO (ABAS 15);SP;304131;Autogestão;531208.00;177069.33;87913.59
AME-ASSISTÊNCIA MÉDICA A EMPRESAS LTDA;MG;304531;Medicina de Grupo;527460.00;175820.00;157895.26
SAUDE VIVA ADMINISTRADORA DE BENEFICIOS LTDA;SP;424145;Administradora de Benefícios;525773.00;175257.67;113204.10
ASSOCIAÇÃO DO FISCO DE ALAGOAS;AL;393533;Autogestão;521545.00;173848.33;70798.00
LEADER ASSISTÊNCIA MÉDICA E HOSPITALAR LTDA.;SP;364592;Medicina de Grupo;517958.00;172652.67;163598.09
PRO-SAUDE JARINU ASSISTENCIA MEDICA SUPLEMENTAR LTDA.;SP;424161;Medicina de Grupo;510468.00;170156.00;95692.34
ASSOCIAÇÃO SÃO LUIZ SAÚDE;SP;421006;Medicina de Grupo;509386.00;169795.33;106176.84
MEDHEALTH PLANOS DE SAÚDE LTDA;PR;421367;Medicina de Grupo;491280.00;163760.00;245878.91
BENEFIT ADMINISTRADORA DE BENEFÍCIOS LTDA.;SP;419869;Administradora de Benefícios;486354.00;162118.00;62410.47
SANTA CASA DE MISERICORDIA HOSPITAL SÃO VICENTE;SP;353264;Filantropia;486084.00;162028.00;105092.61
CAIXA BENEFICENTE DOS FUNCIONÁRIOS DO GRUPO IGUAÇU;PR;414026;Autogestão;480873.00;160291.00;183508.75
ELOSAÚDE - ASSOCIAÇÃO DE ASSISTÊNCIA À SAÚDE;SC;417297;Autogestão;473529.00;157843.00;178260.07
DONA SAÚDE CLINICAS LTDA ;SP;365645;Medicina de Grupo;471702.00;157234.00;256748.82
UNIMED DE MONTE ALTO - COOPERATIVA DE TRABALHO MÉDICO;SP;309524;Cooperativa Médica;468821.00;156273.67;132760.79
UNIMED DE TUPA COOPERATIVA DE TRABALHO MÉDICO;SP;365530;Cooperativa Médica;468745.00;156248.33;125955.16
S.P.A SAUDE- SISTEMA DE PROMOÇÃO ASSISTENCIAL;SP;324493;Autogestão;468690.00;156230.00;113405.83
SISTEMA TOTAL DE SAÚDE LTDA.;SP;402001;Medicina de Grupo;465275.00;155091.67;78532.50
CAIXA ASSISTENCIAL UNIVERSITÁRIA DO RIO GRANDE DO NORTE;RN;314251;Autogestão;462790.00;154263.33;35282.90
VCT PLANOS DE SAUDE LTDA;MG;424013;Medicina de Grupo;446032.00;148677.33;199319.48
SALUPLAN ADMINISTRADORA DE BENEFÍCIOS LTDA;SP;419567;Administradora de Benefícios;437030.00;145676.67;188275.78
LIFE CLASS ADMINISTRADORA DE BENEFICIOS LTDA.;SP;418595;Administradora de Benefícios;436479.00;145493.00;27301.95
SOCIEDADE BENEFICENTE DEZOITO DE JULHO;MG;413721;Medicina de Grupo;427349.00;142449.67;58911.50
ASSOCIAÇÃO POLICIAL DE ASSISTENCIA À SAUDE DE SAO JOAO DA BOA VISTA;SP;408263;Autogestão;426941.00;142313.67;220986.20
RAMED ADMINISTRADORA DE BENEFICIOS LTDA.;SP;418196;Administradora de Benefícios;426126.00;142042.00;66239.46
CAIXA DE ASSISTÊNCIA OSWALDO CRUZ;RJ;417548;Autogestão;422705.00;140901.67;9316.46
NOSAMED ASSISTÊNCIA MÉDICA LTDA.;SP;305928;Medicina de Grupo;415876.00;138625.33;69395.01
ASSOCIAÇÃO UNIVIDA SANTA RITA DO PASSA QUATRO;SP;420123;Medicina de Grupo;403818.00;134606.00;121299.29
UNIODONTO MARINGA COOPERATIVA ODONTOLOGICA;PR;381144;Cooperativa odontológica;398806.00;132935.33;118830.45
ABERTTA SAÚDE - ASSOCIAÇÃO BENEFICENTE DOS EMPREGADOS DA ARCELORMITTAL NO BRASIL;MG;314668;Autogestão;397262.00;132420.67;89600.06
UNIMED REGIONAL DE PICOS - COOPERATIVA DE TRABALHO MÉDICO;PI;313475;Cooperativa Médica;392653.00;196326.50;276629.37
QUALIDONTO - QUALIDADE EM ODONTOLOGIA LTDA ;BA;417131;Odontologia de Grupo;387947.00;129315.67;77128.66
SANUS ADMINISTRADORA DE BENEFÍCIOS LTDA;ES;421758;Administradora de Benefícios;386685.00;128895.00;80820.25
UNIX SAÚDE S.A;BA;418137;Medicina de Grupo;381604.00;127201.33;184032.50
ÚNICA ASSISTENCIA MEDICA LTDA ;SP;421944;Medicina de Grupo;367366.00;183683.00;58446.62
GS PLANO GLOBAL DE SAÚDE LTDA;RJ;413160;Medicina de Grupo;364038.00;121346.00;185718.21
ASSOCIAÇÃO SAÚDE RURAL ALEGRETE;RS;418218;Medicina de Grupo;359942.00;119980.67;102771.43
FILOSANITAS SAUDE LTDA;SP;410888;Medicina de Grupo;355600.00;118533.33;21173.31
BCI ADMINISTRADORA DE BENEFÍCIOS LTDA.;SP;419257;Administradora de Benefícios;355065.00;118355.00;118294.86
ASSOCIAÇÃO DE SAÚDE DO VALE;SC;422321;Medicina de Grupo;353890.00;117963.33;77180.59
VOCÊ TOTAL PLANOS DE SAÚDE LIMITADA;SP;422487;Medicina de Grupo;352451.00;117483.67;77866.60
ON MED ASSISTÊNCIA MÉDICA LTDA;RS;304212;Medicina de Grupo;348254.00;116084.67;17628.20
UNIMED SUDOESTE PAULISTA COOPERATIVA DE TRABALHO MÉDICO;SP;327468;Cooperativa Médica;347751.00;115917.00;77693.25
PLANO SIGMA SAÚDE LTDA;SP;423408;Medicina de Grupo;344972.00;172486.00;62120.74
ASSOCIAÇÃO DE ASSISTÊNCIA À SAÚDE DA AMAGIS;MG;416690;Autogestão;341370.00;113790.00;75442.70
ASSOCIACAO POLICIAL DE ASSISTENCIA A SAUDE DE PRESIDENTE PRUDENTE (APAS);SP;410608;Autogestão;324989.00;108329.67;85958.63
UNIMED DE IBITINGA COOPERATIVA DE TRABALHO MÉDICO;SP;365238;Cooperativa Médica;321757.00;107252.33;103455.98
CAIXA DE ASSISTÊNCIA À SAÚDE DOS TRABALHADORES NAS INDÚSTRIAS METALÚRGICAS, MECÂNICAS E DO MATERIAL ELÉTRICO DE BRUSQUE;SC;419851;Autogestão;318049.00;106016.33;38420.02
UNIMED PARAIBA - FEDERAÇAO DAS SOCIEDADES COOPERATIVAS DE TRABALHO MEDICO;PB;324523;Cooperativa Médica;313334.00;104444.67;73016.92
UNIMED ALTO JACUÍ/RS - COOPERATIVA DE ASSISTÊNCIA À SAÚDE LTDA;RS;352519;Cooperativa Médica;309716.00;103238.67;144940.66
UNIMED DO BRASIL - CONF. NACIONAL DAS COOPERATIVAS MÉDICAS;SP;300870;Cooperativa Médica;309460.00;103153.33;83516.03
SANTA CASA DE MISERICÓRDIA E ASILO DOS POBRES DE BATATAIS;SP;344915;Filantropia;300826.00;100275.33;66314.12
ASSOCIAÇÃO PARANAENSE DE ASSISTÊNCIA À SAUDE DOS MEMBROS DO MINISTERIO PUBLICO DO PARANÁ;PR;418617;Autogestão;299218.00;99739.33;33361.35
FUNDO DE ASSISTÊNCIA À SAÚDE DOS FUNCIONÁRIOS DO BEC;CE;414689;Autogestão;297229.00;99076.33;70382.18
LEXUS ADMINISTRADORA DE BENEFICIOS LTDA;SP;418706;Administradora de Benefícios;294394.00;98131.33;105209.09
ASSOCIAÇÃO DOS SERVIDORES MUNICIPAIS, ESTADUAIS E FEDERAIS DO RIO DE JANEIRO;RJ;309028;Medicina de Grupo;288035.00;96011.67;6458.23
EGRÉGORA  ADMINISTRADORA DE BENEFICIOS S/A;ES;423521;Administradora de Benefícios;284954.00;94984.67;164504.41
ASSOCIAÇÃO POLICIAL DE ASSISTÊNCIA À SAÚDE;SP;406813;Autogestão;284275.00;94758.33;45135.85
UNIMED PETROPOLIS-RJ COOPERATIVA DE TRABALHO MÉDICO;RJ;323993;Cooperativa Médica;282261.00;94087.00;82970.39
ALLCARE ADMINISTRADORA DE BENEFÍCIOS EM SAÚDE LTDA.;DF;417459;Administradora de Benefícios;277915.00;92638.33;51015.08
ASSOCIAÇÃO DOS FISCAIS DE TRIBUTOS ESTADUAIS DO RS - AFISVEC;RS;382639;Autogestão;275320.00;91773.33;69440.05
INTERVIDA ADMINISTRADORA DE BENEFÍCIOS LTDA;SP;421375;Administradora de Benefícios;270854.00;90284.67;37899.80
ODONTOGROUP SISTEMA DE SAÚDE LTDA.;DF;389854;Odontologia de Grupo;269286.00;89762.00;71033.14
CAIXA ASSISTENCIAL UNIVERSITARIA DO RIO DE JANEIRO;RJ;347825;Autogestão;268301.00;89433.67;83612.91
CAIXA DE ASSISTÊNCIA DOS EMPREGADOS DO SETOR PÚBLICO DO ESTADO DE GOIÁS - CAEME;GO;344184;Autogestão;257315.00;85771.67;53210.28
UNIMED MURIAÉ COOPERATIVA DE TRABALHO MEDICO LTDA;MG;368148;Cooperativa Médica;255913.00;85304.33;52963.25
HEALTH-MED SISTEMA DE SAUDE LTDA;RJ;421723;Medicina de Grupo;254285.00;84761.67;42403.27
UNIODONTO PAULISTA-FEDERAÇÃO DAS COOPERATIVAS ODONTOLÓGICAS DO ESTADO DE SÃO PAULO;SP;361593;Cooperativa odontológica;251645.00;83881.67;72126.86
MAIS SAÚDE PLANO DE SAÚDE LTDA;GO;415065;Medicina de Grupo;250801.00;83600.33;97930.73
PLANO DE ASSISTÊNCIA ODONTOLÓGICA FAUCHARD LTDA. ME;BA;417106;Odontologia de Grupo;245474.00;81824.67;83385.31
ALMA ODONTO OPERADORA DE PLANOS ODONTOLOGICOS LTDA;SP;423262;Odontologia de Grupo;243930.00;81310.00;67337.87
ODILE SERVIÇOS DE SAÚDE LTDA.;SP;422754;Medicina de Grupo;237000.00;79000.00;12124.36
ASSOCIAÇÃO POLICIAL DE ASSISTÊNCIA À SAÚDE DE PRESIDENTE VENCESLAU;SP;411248;Autogestão;236269.00;78756.33;39085.14
UNIMED DE REGISTRO COOPERATIVA DE TRABALHO MÉDICO;SP;351776;Cooperativa Médica;234383.00;78127.67;33271.97
ODONTOLIVE OPERADORA DE PLANOS ODONTOLÓGICOS LTDA.;SP;417831;Odontologia de Grupo;229380.00;76460.00;57964.44
SALUSMED OPERADORA DE PLANOS DE SAUDE LTDA;SP;422746;Medicina de Grupo;227512.00;75837.33;94922.37
AMPLITUDE PLANOS DE SAUDE LTDA ;MG;423858;Medicina de Grupo;225768.00;75256.00;75211.01
CROWN ODONTOLOGIA DE GRUPO LTDA;SP;397245;Odontologia de Grupo;217132.00;72377.33;27136.40
SAGRADA SAÚDE ASSISTÊNCIA MÉDICA LTDA;MG;423815;Medicina de Grupo;212554.00;70851.33;37646.20
SAUDE SALV ASSISTENCIA MEDICA LTDA;RO;424463;Medicina de Grupo;211890.00;105945.00;63957.81
ÔNIX OPERADORA DE PLANOS DE SAÚDE LTDA;RJ;407534;Medicina de Grupo;208800.00;69600.00;38254.52
TELOS - FUNDAÇÃO EMBRATEL DE SEGURIDADE SOCIAL;RJ;316849;Autogestão;207770.00;69256.67;67994.54
ASSOCIAÇÃO POLICIAL DE ASSISTENCIA A SAUDE DE BOTUCATU;SP;408093;Autogestão;201224.00;67074.67;75116.94
UNIODONTO/RN - COOPERATIVA ODONTOLOGICA DO RIO GRANDE DO NORTE;RN;345318;Cooperativa odontológica;196398.00;65466.00;87597.44
UNIMED SOUSA - COOPERATIVA DE TRABALHO MÉDICO;PB;343153;Cooperativa Médica;187090.00;62363.33;28320.05
LIKE DENTAL PLANOS ODONTOLÓGICOS SS LTDA;PR;418536;Odontologia de Grupo;184499.00;61499.67;36802.04
MAIS SAUDE S/A;ES;419516;Medicina de Grupo;182790.00;91395.00;68348.94
ASSOCIAÇÃO DE ASSISTÊNCIA MÉDICO HOSPITALAR DOS MAGISTRADOS DO ESTADO DO PARANÁ;PR;417955;Autogestão;180929.00;60309.67;19570.25
ATITUDE SAÚDE ASSISTÊNCIA MEDICA LTDA;BA;422151;Medicina de Grupo;171214.00;57071.33;9676.10
CAIXA ASSISTENCIAL E BENEFICENTE DOS FUNCIONÁRIOS DA ACARESC;SC;327557;Autogestão;170237.00;56745.67;41898.49
CLICSAUDE ADMINISTRADORA DE BENEFICIOS LTDA;SP;423327;Administradora de Benefícios;169780.00;56593.33;45468.97
AMAZÔNIA PLANOS DE SAÚDE LTDA;PA;419052;Medicina de Grupo;160147.00;53382.33;59210.95
VIVER BEM ADMINISTRADORA DE BENEFÍCIOS LTDA;RJ;422657;Administradora de Benefícios;156750.00;156750.00;0.00
SAME-SERVIÇO DE ASSISTÊNCIA MÉDICA EMPRESARIAL LTDA.;MA;415901;Medicina de Grupo;156142.00;52047.33;27679.06
ASSOCIAÇÃO BENEFICENTE CATÓLICA;MG;322326;Filantropia;155715.00;51905.00;35341.59
PLENUM ASSISTENCIA MEDICA  LTDA;DF;423441;Medicina de Grupo;154700.00;77350.00;21991.02
IRMANDADE DE MISERICORDIA DE PORTO FERREIRA;SP;329355;Filantropia;154457.00;51485.67;25627.30
ADVANCE PLANOS DE SAÚDE LTDA;SP;335657;Medicina de Grupo;153566.00;51188.67;37501.64
METLIFE PLANOS ODONTOLÓGICOS LTDA.;SP;406481;Odontologia de Grupo;151335.00;50445.00;61267.42
UNIODONTO DE LONDRINA COOP. ODONTOLÓGICA;PR;350770;Cooperativa odontológica;149746.00;49915.33;77750.11
ASSOCIAÇÃO SERVIÇOS ODONTOLÓGICOS DA INDÚSTRIA DE MINAS GERAIS - ODONTOINDUSTRIA;MG;417220;Odontologia de Grupo;144000.00;72000.00;0.00
BRASIL ODONTO OPERADORA DE PLANOS ODONTOLÓGICOS LTDA;TO;421561;Odontologia de Grupo;142776.00;47592.00;23992.55
PLAMED PLANO DE ASSISTENCIA MEDICA LTDA;SE;343463;Medicina de Grupo;139525.00;46508.33;39891.19
HOSPITAL DE CLÍNICAS DE PASSO FUNDO;RS;424391;Filantropia;136465.00;136465.00;0.00
REAL GRANDEZA SAÚDE;RJ;423513;Autogestão;135960.00;45320.00;32982.83
PORTOMED - PORTO SEGURO SERVIÇOS DE SAUDE LTDA;SP;417491;Medicina de Grupo;134991.00;44997.00;55282.35
AP ADMINISTRAÇÃO DE BENEFICIOS - SOCIEDADE SIMPLES UNIPESSOAL LIMITADA;SP;424366;Administradora de Benefícios;132670.00;66335.00;22535.49
ASSOCIAÇÃO PADRE ALBINO SAÚDE;SP;420158;Medicina de Grupo;131051.00;43683.67;70502.82
ASSOCIAÇÃO MINEIRA DE ASSISTÊNCIA À SAÚDE DOS MEMBROS DO MINISTÉRIO PÚBLICO;MG;417211;Autogestão;126659.00;42219.67;27428.49
UNIMED CAJAZEIRAS - SOCIEDADE COOPERATIVA DE TRABALHO MÉDICO;PB;344141;Cooperativa Médica;126408.00;42136.00;20058.63
YOU ASSISTÊNCIA MÉDICA LTDA.;MG;422380;Medicina de Grupo;123491.00;123491.00;0.00
GESTAO VIDA ADMINISTRADORA DE BENEFICIOS LTDA.;SP;424226;Administradora de Benefícios;121496.00;40498.67;31174.11
VITTA SAUDE ADMINISTRADORA DE BENEFICIOS LTDA.;SP;422592;Administradora de Benefícios;121220.00;40406.67;54766.81
S1 OPERADORA DE PLANO DE SAÚDE LTDA;DF;420981;Medicina de Grupo;117821.00;39273.67;20870.23
ODONTO SEG OPERADORA DE PLANOS ODONTOLOGICOS S.A.;SP;419281;Odontologia de Grupo;116650.00;38883.33;5747.25
SALUTY ADMINISTRADORA DE BENEFICIOS LTDA;RJ;422860;Administradora de Benefícios;105650.00;35216.67;32560.50
ASSOCIAÇÃO PADRE PIO PLANOS DE SAÚDE;SP;420816;Medicina de Grupo;104524.00;34841.33;8939.82
ASSOCIAÇÃO POLICIAL DE ASSISTÊNCIA À SAÚDE DE JAÚ;SP;408034;Autogestão;98341.00;32780.33;24678.72
PLAMEDH - PLANO DE ASSISTÊNCIA MÉDICO-HOSPITALAR LTDA;MG;413551;Medicina de Grupo;97421.00;48710.50;10904.29
Operadora 423475;N/D;N/D;Desconhecida;96600.00;96600.00;0.00
ZURICH SANTANDER BRASIL ODONTO LTDA.;SP;419354;Odontologia de Grupo;95202.00;31734.00;2721.96
COOPERATIVA DOS USUÁRIOS DE SERVIÇOS DE SAÚDE DO VALE DO RIO DOS SINOS LTDA;RS;404241;Autogestão;89025.00;29675.00;10961.30
SISTEMA PREVSAUDE DENTAL LTDA;CE;333239;Odontologia de Grupo;84810.00;28270.00;4382.09
BEMSTAR ASSISTENCIA MEDICA LTDA;BA;423181;Medicina de Grupo;81942.00;27314.00;4167.77
ASSOCIACAO POLICIAL DE ASSISTENCIA A SAUDE DE ITAPETININGA;SP;406635;Autogestão;81395.00;27131.67;42727.92
ASSOCIAÇÃO POLICIAL DE ASSISTÊNCIA À SAÚDE DE ARAÇATUBA (APAS);SP;414212;Autogestão;80629.00;26876.33;45681.54
UNIMED SÃO SEBASTIÃO DO PARAÍSO COOPERATIVA DE TRABALHO MÉDICO;MG;327352;Cooperativa Médica;72634.00;24211.33;31633.52
PD BRASIL ASSISTENCIA ODONTOLOGICA LTDA;MG;422355;Odontologia de Grupo;71948.00;23982.67;5948.12
FEBRAFITE SAUDE;DF;423777;Autogestão;63307.00;21102.33;9427.82
CARING SAÚDE ASSISTÊNCIA MÉDICA LTDA.;RJ;422304;Medicina de Grupo;61285.00;20428.33;13541.53
SAMI ASSISTÊNCIA MÉDICA LTDA;SP;422398;Medicina de Grupo;55873.00;27936.50;37210.08
POLIMÉDICA SAÚDE SOCIEDADE SIMPLES LTDA;RS;316903;Medicina de Grupo;55625.00;18541.67;8862.86
SANTA CASA DA MISERICÓRDIA DE SÃO JOÃO DEL REI;MG;408522;Filantropia;52350.00;17450.00;7673.98
XP ADMINISTRADORA DE BENEFÍCIOS LTDA.;SP;423505;Administradora de Benefícios;52248.00;17416.00;5979.21
TOTAL SAUDE  ADMINISTRADORA DE BENEFICIOS EIRELI;ES;423017;Administradora de Benefícios;50520.00;16840.00;13856.41
AMAZIL ASSISTENCIA MEDICA DO BRASIL LTDA;RJ;424234;Medicina de Grupo;50500.00;16833.33;12678.46
EVOLUÇÃO ADMINISTRADORA DE BENEFICIOS LTDA ;MG;423785;Administradora de Benefícios;44030.00;14676.67;12758.07
MAXMED ADMINISTRADORA DE BENEFICIOS LTDA;SP;417696;Administradora de Benefícios;42486.00;14162.00;4390.58
HEALTH ADMINISTRADORA DE BENEFICIOS LTDA;SP;417611;Administradora de Benefícios;40143.00;13381.00;9410.66
ELITE SAUDE SERVICOS MEDICOS LTDA.;SP;424544;Medicina de Grupo;39320.00;19660.00;19234.72
BEDOIS SERVIÇOS DE ADMINISTRAÇÃO DE BENEFÍCIOS LTDA.;RJ;419125;Administradora de Benefícios;33894.00;11298.00;5859.00
Operadora 000477;N/D;N/D;Desconhecida;32789.00;32789.00;0.00
UNIVIDA USA OPERADORA EM SAUDE S/A;SP;422134;Medicina de Grupo;32350.00;10783.33;11789.54
ASSOCIACAO DOS SERVIDORES DA EMDAGRO - ASSEM;SE;420093;Autogestão;29958.00;9986.00;3820.22
Operadora 418161;N/D;N/D;Desconhecida;29275.00;29275.00;0.00
MAXIMED PLANOS DE SAUDE LTDA;RJ;424196;Medicina de Grupo;29160.00;29160.00;0.00
SOCIODONTO PLANO DE ASSISTÊNCIA ODONTOLÓGICA LTDA;MG;416410;Odontologia de Grupo;28871.00;14435.50;13783.63
ATIMED ASSISTENCIA MEDICA LTDA;SP;424528;Medicina de Grupo;28677.00;28677.00;0.00
SANTA CASA DE MAUÁ SAÚDE;SP;421197;Medicina de Grupo;28300.00;14150.00;1414.21
PLURICLUB ADMINISTRADORA DE BENEFÍCIOS LTDA.;SP;417751;Administradora de Benefícios;26403.00;8801.00;7367.79
INNOVA PLANO DE SAUDE LTDA;RO;423572;Medicina de Grupo;25200.00;8400.00;9634.33
CAIXA SEGURADORA ESPECIALIZADA EM SAÚDE S/A;SP;418072;Seguradora Especializada em Saúde;24665.00;8221.67;6409.04
UP SOLUÇÕES EM SAÚDE LTDA ;SP;422223;Administradora de Benefícios;20300.00;20300.00;0.00
DENTAL UNI - COOPERATIVA ODONTOLÓGICA;PR;304484;Cooperativa odontológica;20000.00;20000.00;0.00
ODONTO PRIME S/S LTDA;CE;418994;Odontologia de Grupo;19350.00;6450.00;4625.20
FUNDAÇÃO DE SEGURIDADE SOCIAL DA ARCELORMITTAL BRASIL - FUNSSEST;ES;330809;Autogestão;18632.00;6210.67;3818.19
Operadora 419907;N/D;N/D;Desconhecida;11545.00;11545.00;0.00
UNIC ASSISTENCIA MEDICA LTDA;SP;424501;Medicina de Grupo;10000.00;10000.00;0.00
CLÍNICA SÃO GABRIEL S/S LTDA;SP;415944;Medicina de Grupo;6636.00;3318.00;0.00
UNIODONTO PIRACICABA - COOPERATIVA ODONTOLÓGICA;SP;346004;Cooperativa odontológica;6553.00;6553.00;0.00
NOVODENTE S/A;RS;417840;Odontologia de Grupo;5922.00;5922.00;0.00
Operadora 423742;N/D;N/D;Desconhecida;4377.00;4377.00;0.00
BIT LIFE BENEFÍCIOS LTDA;SP;422401;Administradora de Benefícios;2910.00;970.00;0.00
INTEGRA ADMINISTRADORA DE BENEFICIOS LTDA;GO;424439;Administradora de Benefícios;1800.00;900.00;0.00
CASE - CENTRAL DE ADMINISTRAÇÃO DE PLANO DE SAÚDE LTDA;RJ;417165;Administradora de Benefícios;498.00;498.00;0.00
UNIODONTO DO SUL GOIANO COOPERATIVA ODONTOLOGICA;GO;358339;Cooperativa odontológica;304.00;304.00;0.00
SAUDE INTEGRAL ASSISTENCIA MEDICA LTDA;BA;423106;Medicina de Grupo;48.00;16.00;8.00
INTEGRALCARE PLANOS DE SAUDE LTDA;BA;423939;Medicina de Grupo;48.00;16.00;8.00
MEDICAL LIFE PLANOS DE SAÚDE LTDA;BA;424331;Medicina de Grupo;40.00;20.00;5.66
VITACARE PLANOS DE SAUDE LTDA;BA;423831;Medicina de Grupo;40.00;13.33;4.62
